participant_video,relative_time,Anger,Contempt,Disgust,Fear,Joy,Sadness,Surprise,Engagement,Valence,Sentimentality,Confusion,Neutral
P96-6,0.0,0.0,0.0,0.0,0.0,0.0,0.0,0.0,0.0,0.0,0.0,0.0,0.0
P96-6,0.0010002000000000066,0.1324783265590667,0.1902179718017578,0.025727417320013,0.1352411359548568,0.0240470170974731,0.1262072026729583,0.0580102279782295,0.3287661075592041,0.0,0.0036787535063922,0.0520207062363624,99.61956024169922
P96-6,0.03350570000000002,0.132401242852211,0.1904786229133606,0.0256748553365468,0.1348053961992263,0.0240476839244365,0.126314178109169,0.0577522628009319,0.3287661075592041,0.0,0.0038852184079587,0.050902210175991,99.61903381347656
P96-6,0.06551240000000001,0.132322758436203,0.1904675513505935,0.0256450064480304,0.1347486674785614,0.0240479558706283,0.1263008117675781,0.057591613382101,0.3287661075592041,0.0,0.0040360842831432,0.0490170307457447,99.61906433105469
P96-6,0.0976547,0.1314087212085723,0.1899061799049377,0.0254660677164793,0.1347043365240097,0.0240454133599996,0.1260492801666259,0.0577708408236503,0.3287661075592041,0.0,0.0034573932643979,0.0469527803361415,99.62017822265624
P96-6,0.1292679,0.1309500634670257,0.1897633373737335,0.0253658425062894,0.1344748139381408,0.0240428000688552,0.1259724050760269,0.0577372908592224,0.3287661075592041,0.0,0.0028453096747398,0.0426574908196926,99.62047576904298
P96-6,0.16111250000000002,0.1308235526084899,0.1896384805440902,0.0253605488687753,0.1344964653253555,0.0240413770079612,0.1258998960256576,0.0577995106577873,0.3287661075592041,0.0,0.0025851081591099,0.0371324494481086,99.62071990966798
P96-6,0.1937421,0.1300966590642929,0.1890356242656707,0.0252333674579858,0.1346708536148071,0.0240407362580299,0.1256263703107833,0.0580939128994941,0.3287661075592041,0.0,0.0024033589288592,0.0350848957896232,99.6219253540039
P96-6,0.22576690000000002,0.1287601441144943,0.1885351538658142,0.0249498821794986,0.1341335475444793,0.0240392684936523,0.1253885328769683,0.0582368858158588,0.3287661075592041,0.0,0.0019906507804989,0.0311028324067592,99.6229248046875
P96-6,0.2567411,0.1280936300754547,0.1879949420690536,0.0248385891318321,0.1342710852622985,0.0240381900221109,0.1251400113105773,0.058461207896471,0.3287661075592041,0.0,0.0016990137519314,0.0299713779240846,99.62400817871091
P96-6,0.28976820000000003,0.1275587230920791,0.1869314312934875,0.0248294733464717,0.1352307796478271,0.0240379385650157,0.1246538683772087,0.0590846687555313,0.3287661075592041,0.0,0.0015118935843929,0.0259981863200664,99.62613677978516
P96-6,0.32174250000000004,0.127303659915924,0.1868478208780288,0.0247723646461963,0.1351109892129898,0.0240369066596031,0.1246075257658958,0.0591246113181114,0.3287661075592041,0.0,0.0012962562032043,0.0238419380038976,99.62629699707033
P96-6,0.35474239999999996,0.1274530589580535,0.1874060779809951,0.0247444175183773,0.1344732791185379,0.0240368396043777,0.1248508244752883,0.0588535629212856,0.3287661075592041,0.0,0.001162450062111,0.0227252580225467,99.6251983642578
P96-6,0.40193910000000005,0.1275413483381271,0.1877474635839462,0.024727365002036,0.1340822726488113,0.0240369997918605,0.1249960511922836,0.058653250336647,0.3287661075592041,0.0,0.0010352042736485,0.0212916787713766,99.62451171875
P96-6,0.4332656000000001,0.1269564479589462,0.1869714707136154,0.0246642623096704,0.1346166729927063,0.0240362882614135,0.1246417090296745,0.0590284951031208,0.3287661075592041,0.0,0.0008692296687513,0.0195942986756563,99.62605285644531
P96-6,0.46577830000000003,0.1265151351690292,0.1868684589862823,0.0245568640530109,0.134345069527626,0.0240359008312225,0.1245899572968483,0.0590674467384815,0.3287661075592041,0.0,0.0007428128155879,0.0177197530865669,99.62626647949219
P96-6,0.4978382,0.1269892156124115,0.1876660585403442,0.0245872046798467,0.1336771100759506,0.0240359231829643,0.124938741326332,0.0586009249091148,0.3287661075592041,0.0,0.0006932613905519,0.0158739537000656,99.62467193603517
P96-6,0.5292562000000001,0.1268314123153686,0.1877698004245758,0.0245279669761657,0.1333974450826644,0.0240355338901281,0.1249798536300659,0.0585856772959232,0.3287661075592041,0.0,0.0006237325142137,0.0148266358301043,99.62445068359376
P96-6,0.5617505,0.126881256699562,0.1881695985794067,0.0244902279227972,0.1328959167003631,0.0240352563560009,0.1251543760299682,0.0583999715745449,0.3287661075592041,0.0,0.0005575376562774,0.0138284815475344,99.6236572265625
P96-6,0.5938081,0.1262155473232269,0.1869046539068222,0.0244559943675994,0.134027749300003,0.0240355338901281,0.1245883554220199,0.0591460280120372,0.3287661075592041,0.0,0.0004922047955915,0.0136146135628223,99.62618255615233
P96-6,0.6256685,0.1262438148260116,0.1869522482156753,0.0244608707726001,0.1339998692274093,0.0240357387810945,0.1246101930737495,0.0591505132615566,0.3287661075592041,0.0,0.0004961484810337,0.0146939996629953,99.6260986328125
P96-6,0.657691,0.1262032240629196,0.1869724541902542,0.0244407281279563,0.1339515149593353,0.0240364726632833,0.1246247291564941,0.0591949261724948,0.3287661075592041,0.0,0.0005110325291752,0.0163423530757427,99.62605285644531
P96-6,0.6909307,0.1265932321548461,0.1881271600723266,0.0244006551802158,0.1327410042285919,0.024036793038249,0.1251373291015625,0.0585694313049316,0.3287661075592041,0.0,0.0004996865754947,0.0161366276443004,99.62374114990233
P96-6,0.7217401999999999,0.1268102675676345,0.1884261667728424,0.0244080573320388,0.1325466036796569,0.0240364950150251,0.12526635825634,0.0583922900259494,0.3287661075592041,0.0,0.0004994026385247,0.0151397949084639,99.62314605712889
P96-6,0.7547423,0.1269559562206268,0.1882213652133941,0.0244606379419565,0.1329784095287323,0.0240369550883769,0.1251786351203918,0.0585177317261695,0.3287661075592041,0.0,0.0005368399433791,0.0164442863315343,99.62355041503906
P96-6,0.8017512,0.1272747963666915,0.1884364932775497,0.0245226807892322,0.1329663693904876,0.0240366794168949,0.1252664774656295,0.0584501177072525,0.3287661075592041,0.0,0.000559467356652,0.0148159377276897,99.62313079833984
P96-6,0.8337521,0.1271259784698486,0.1883432567119598,0.0244968365877866,0.1329565346240997,0.0240361280739307,0.1252239644527435,0.0583779886364936,0.3287661075592041,0.0,0.0005263079074211,0.0150966774672269,99.62330627441406
P96-6,0.8657651999999999,0.1276483684778213,0.1891817897558212,0.0245423279702663,0.1322714984416961,0.024036357179284,0.125599518418312,0.0578986182808876,0.3287661075592041,0.0,0.0006040611187927,0.0152220437303185,99.62162780761719
P96-6,0.8977636000000001,0.1281672716140747,0.1892991513013839,0.0246481131762266,0.132576897740364,0.0240360833704471,0.1256546676158905,0.0579057075083255,0.3287661075592041,0.0,0.0006822817376814,0.0150805348530411,99.62139892578124
P96-6,0.9292419000000001,0.1282545924186706,0.189342126250267,0.0246569737792015,0.1325909048318862,0.0240362212061882,0.1256766319274902,0.0578158199787139,0.3287661075592041,0.0,0.0007695683743804,0.0148648563772439,99.6213150024414
P96-6,0.9607628000000001,0.1286225020885467,0.1890795528888702,0.0247843451797962,0.1332671493291854,0.0240380298346281,0.1255675107240676,0.0579131580889225,0.3287661075592041,0.0,0.00094640487805,0.0158043000847101,99.62183380126952
P96-6,0.9927400000000002,0.1292700469493866,0.1891323775053024,0.0249468833208084,0.1337685585021972,0.0240401178598403,0.1255977749824523,0.0578551217913627,0.3287661075592041,0.0,0.0011918494710698,0.016273096203804,99.62173461914062
P96-6,1.0257613,0.1296986639499664,0.1893157213926315,0.0250574704259634,0.1338845342397689,0.0240417420864105,0.1256862729787826,0.0577007643878459,0.3287661075592041,0.0,0.0013638900127261,0.0174379311501979,99.62136840820312
P96-6,1.0587448,0.1299398094415664,0.1899383664131164,0.0250586625188589,0.1332556158304214,0.0240450222045183,0.1259708404541015,0.0572529956698417,0.3287661075592041,0.0,0.001615400891751,0.0194783583283424,99.6201171875
P96-6,1.0924578999999999,0.1304300874471664,0.1902640610933303,0.0251469779759645,0.1332564800977706,0.0240466054528951,0.12612085044384,0.0570459812879562,0.3287661075592041,0.0,0.0019206512952223,0.0207498911768198,99.61946868896483
P96-6,1.1217506,0.1305337846279144,0.1907916218042373,0.0251242108643054,0.1326204091310501,0.0240497663617134,0.1263534575700759,0.0566728003323078,0.3287661075592041,0.0,0.0024556471034884,0.0202434957027435,99.61841583251952
P96-6,1.1537645000000003,0.1306275576353073,0.1910657882690429,0.0251211691647768,0.1323253512382507,0.0240553636103868,0.1264737397432327,0.0564824678003787,0.3287661075592041,0.0,0.0031551788561046,0.0194038040935993,99.61787414550781
P96-6,1.2027435,0.1309445202350616,0.1914397180080413,0.0251748077571392,0.1320920884609222,0.0240591950714588,0.126639723777771,0.0562416091561317,0.3287661075592041,0.0,0.0039887870661914,0.0195914581418037,99.61711883544922
P96-6,1.2340495999999999,0.1313631832599639,0.1917010843753814,0.0252662058919668,0.1320936530828476,0.0240626111626625,0.1267544329166412,0.0560672618448734,0.3287661075592041,0.0,0.0049020610749721,0.0197313670068979,99.61659240722656
P96-6,1.2653149,0.1313921958208084,0.1917813122272491,0.0252713859081268,0.1319875121116638,0.0240699760615825,0.1268018782138824,0.0559811815619468,0.3287661075592041,0.0,0.0062239780090749,0.0216932352632284,99.6164321899414
P96-6,1.2973141999999998,0.1319645941257476,0.1918984502553939,0.0254121981561183,0.1322954893112182,0.0240758098661899,0.1268561780452728,0.0558892376720905,0.3287661075592041,0.0,0.0080442372709512,0.0218264125287532,99.61620330810547
P96-6,1.3298203,0.1322822570800781,0.1918497830629348,0.0255040936172008,0.1325755566358566,0.0240870136767625,0.1268544197082519,0.0558793097734451,0.3287661075592041,0.0,0.010681970976293,0.0243181623518466,99.61630249023438
P96-6,1.3618200999999999,0.1325795352458953,0.1918826550245285,0.0255807600915431,0.1327183842658996,0.0241062641143798,0.126893401145935,0.0558334626257419,0.3287661075592041,0.0,0.0151420179754495,0.028167936950922,99.61622619628906
P96-6,1.39382,0.1323127597570419,0.1918213963508606,0.0255142860114574,0.1325123757123947,0.0241181515157222,0.1268791407346725,0.0558270774781703,0.3287661075592041,0.0,0.0184396971017122,0.0297795739024877,99.61635589599608
P96-6,1.4258213,0.1315412670373916,0.1919217407703399,0.0252925008535385,0.131698340177536,0.0241244975477457,0.1269451379776001,0.0557493641972541,0.3287661075592041,0.0,0.0202757157385349,0.0347459092736244,99.61614990234376
P96-6,1.4583258999999997,0.1315690129995346,0.1918980926275253,0.0252975914627313,0.131743311882019,0.0241222437471151,0.1269401162862777,0.0557727515697479,0.3287661075592041,0.0,0.0212568715214729,0.0366574488580226,99.61620330810547
P96-6,1.4913269,0.1309994012117385,0.1918784528970718,0.0251308716833591,0.1312623620033264,0.0241285022348165,0.1269500404596328,0.0557707324624061,0.3287661075592041,0.0,0.0226721279323101,0.0378743633627891,99.61624145507811
P96-6,1.5217431000000001,0.1307422071695327,0.1919381767511367,0.0250479616224765,0.1309522539377212,0.0241345763206481,0.126996174454689,0.0557566247880458,0.3287661075592041,0.0,0.0242549441754817,0.0421774312853813,99.61612701416016
P96-6,1.5535664999999999,0.130332350730896,0.1919222772121429,0.0249308831989765,0.1306201070547103,0.0241356566548347,0.1270008236169815,0.0557737089693546,0.3287661075592041,0.0,0.0252190809696912,0.0453679114580154,99.61614990234376
P96-6,1.6019841000000001,0.1310751587152481,0.1918395608663559,0.0251379422843456,0.131374180316925,0.024140328168869,0.1269588619470596,0.0558627694845199,0.3287661075592041,0.0,0.0260158665478229,0.0450273975729942,99.61631774902345
P96-6,1.6336967,0.131189689040184,0.1917823255062103,0.0251734852790832,0.1316325664520263,0.024146681651473,0.1269329339265823,0.0559558160603046,0.3287661075592041,0.0,0.0277771055698394,0.0519585087895393,99.6164321899414
P96-6,1.6657404000000002,0.1315003037452697,0.191739410161972,0.0252477601170539,0.1320579946041107,0.0241364166140556,0.1269206702709198,0.05610067024827,0.3287661075592041,0.0,0.0258063971996307,0.0583517886698246,99.61651611328124
P96-6,1.6987411000000001,0.1322880536317825,0.1915662884712219,0.0254380162805318,0.1330243796110153,0.0241337474435567,0.1268986016511917,0.05637863650918,0.3287661075592041,0.0,0.0235292147845029,0.0698333159089088,99.6168670654297
P96-6,1.7297405,0.1324139833450317,0.1912919878959655,0.0254553165286779,0.1335178762674331,0.024142675101757,0.1267832815647125,0.0566634014248847,0.3287661075592041,0.0,0.0235332287847995,0.0678872689604759,99.61741638183594
P96-6,1.7607386,0.1329492032527923,0.1911577433347702,0.0255526266992092,0.1341984570026397,0.024146681651473,0.1267692148685455,0.0569681152701377,0.3287661075592041,0.0,0.0253217928111553,0.0779925510287284,99.61767578125
P96-6,1.7937394,0.1336683928966522,0.1910719573497772,0.0256755650043487,0.1350650489330291,0.0241429284214973,0.1267682462930679,0.0573427528142929,0.3287661075592041,0.0,0.0246261954307556,0.0862919390201568,99.61785888671876
P96-6,1.8257397000000002,0.1339823305606842,0.191130444407463,0.025684991851449,0.1353632360696792,0.0241392459720373,0.1268305629491806,0.0575640648603439,0.3287661075592041,0.0,0.0240499060600996,0.0927713364362716,99.61773681640624
P96-6,1.8579337,0.1349184364080429,0.1913660019636154,0.0258735585957765,0.135967269539833,0.0241247043013572,0.1269615888595581,0.0576870404183864,0.3287661075592041,0.0,0.0226854477077722,0.1025504991412162,99.61727142333984
P96-6,1.8899346000000001,0.135614275932312,0.1914633065462112,0.0259944200515747,0.1364999413490295,0.0241145640611648,0.1269865483045578,0.0579104833304882,0.3287661075592041,0.0,0.0212167780846357,0.09896070510149,99.6170654296875
P96-6,1.9218916999999998,0.1355617940425872,0.1916366815567016,0.0259827468544244,0.136268675327301,0.0241112988442182,0.1270772963762283,0.0579704865813255,0.3287661075592041,0.0,0.0192596614360809,0.1042587086558342,99.6167221069336
P96-6,1.9539157999999999,0.1352688372135162,0.1917170584201812,0.0259694494307041,0.1358517408370971,0.02410146035254,0.1270730048418045,0.057836290448904,0.3287661075592041,0.0,0.0174843668937683,0.097970113158226,99.6165771484375
P96-6,2.0019157,0.1352586597204208,0.1919820308685302,0.0260207280516624,0.1354642212390899,0.0241042450070381,0.1272116601467132,0.0577065087854862,0.3287661075592041,0.0,0.0178881883621215,0.10820172727108,99.61604309082033
P96-6,2.0332356,0.1352770179510116,0.1920132786035537,0.0260470137000083,0.1354330629110336,0.0241006594151258,0.127192884683609,0.0580428577959537,0.3287661075592041,0.0,0.0166606046259403,0.1047539263963699,99.61597442626952
P96-6,2.0652354,0.135235920548439,0.1919845044612884,0.0260646548122167,0.1353898644447326,0.0240924563258886,0.12715345621109,0.0578525550663471,0.3287661075592041,0.0,0.0154670570045709,0.0956482961773872,99.61602783203124
P96-6,2.0972354999999996,0.1348946541547775,0.1920283585786819,0.0260086990892887,0.134989246726036,0.0240920428186655,0.1271547824144363,0.0578318536281585,0.3287661075592041,0.0,0.0144225349649786,0.0901715606451034,99.61595153808592
P96-6,2.1292183999999996,0.1339996755123138,0.1921218782663345,0.0257477834820747,0.1340967565774917,0.0240896083414554,0.1271886378526687,0.0577706508338451,0.3287661075592041,0.0,0.0138992723077535,0.0871601924300193,99.61576080322264
P96-6,2.1627216,0.1335097998380661,0.1921999752521514,0.0256490670144557,0.1335464864969253,0.0240901578217744,0.1271777302026748,0.0576724782586097,0.3287661075592041,0.0,0.0135145904496312,0.0789190307259559,99.6156005859375
P96-6,2.1967217999999997,0.1332547217607498,0.1922000646591186,0.0256036464124917,0.1333035826683044,0.0240990035235881,0.1271455138921737,0.057495392858982,0.3287661075592041,0.0,0.0140677709132432,0.0731573700904846,99.6156005859375
P96-6,2.229723,0.1324399709701538,0.1921945810317993,0.0253982692956924,0.1325742304325103,0.024100475013256,0.1271293610334396,0.0570900961756706,0.3287661075592041,0.0,0.0142013216391205,0.0693821981549263,99.6156005859375
P96-6,2.2597660999999998,0.1325873732566833,0.1922227442264556,0.0254215523600578,0.1327280551195144,0.0241011176258325,0.1271643042564392,0.0569668412208557,0.3287661075592041,0.0,0.0131306843832135,0.074963591992855,99.61555480957033
P96-6,2.289766,0.1322556138038635,0.1922544986009597,0.0253538507968187,0.1323746442794799,0.024103507399559,0.1271545588970184,0.0567429289221763,0.3287661075592041,0.0,0.0128168808296322,0.0691389068961143,99.61549377441406
P96-6,2.3217673999999997,0.1318935304880142,0.192191481590271,0.0253058653324842,0.1320129781961441,0.0241065882146358,0.1271311789751052,0.0566207207739353,0.3287661075592041,0.0,0.0139287272468209,0.0675831288099288,99.61561584472656
P96-6,2.3542707999999997,0.1315421462059021,0.1921074390411377,0.0252229776233434,0.1318169236183166,0.0241170935332775,0.1271384954452514,0.0567098073661327,0.3287661075592041,0.0,0.0141623765230178,0.0732211545109748,99.61578369140624
P96-6,2.4012704,0.1313817501068115,0.1919038444757461,0.0252207890152931,0.1319396346807479,0.0241246595978736,0.1270647794008255,0.0568777844309806,0.3287661075592041,0.0,0.0146037656813859,0.0757897123694419,99.61619567871091
P96-6,2.4337745,0.1313195079565048,0.1919452995061874,0.0251919999718666,0.1319073438644409,0.0241409745067358,0.1271836161613464,0.0570012778043746,0.3287661075592041,0.0,0.0147957215085625,0.0990413054823875,99.61611175537107
P96-6,2.4657747,0.1314385086297988,0.1918953508138656,0.0252123512327671,0.1321059912443161,0.0241503417491912,0.1272341310977935,0.0571629218757152,0.3287661075592041,0.0,0.015366961248219,0.1129891201853752,99.61620330810547
P96-6,2.4973438999999997,0.1316563189029693,0.1918192654848098,0.0252644475549459,0.1324079781770706,0.0241462904959917,0.1272488087415695,0.0573036074638366,0.3287661075592041,0.0,0.0169639140367507,0.128184363245964,99.61635589599608
P96-6,2.5293451,0.1312810033559799,0.1915196180343627,0.0251989644020795,0.1324415504932403,0.0241305492818355,0.127089649438858,0.0573854781687259,0.3287661075592041,0.0,0.0161684937775135,0.1248369142413139,99.6169662475586
P96-6,2.5618480999999997,0.1309048682451248,0.1913169175386428,0.0251134354621171,0.1323240995407104,0.0241193920373916,0.1269834041595459,0.0573808848857879,0.3287661075592041,0.0,0.0165149960666894,0.1246033012866973,99.61735534667967
P96-6,2.5928481999999997,0.1310936957597732,0.1912528425455093,0.0251667667180299,0.1326561421155929,0.0241156239062547,0.1269817799329757,0.0577284023165702,0.3287661075592041,0.0,0.0173498503863811,0.1325950175523757,99.61750030517578
P96-6,2.6258494999999997,0.1311835050582885,0.1909924149513244,0.0252252854406833,0.1330606192350387,0.0241300649940967,0.1268709748983383,0.0578983984887599,0.3287661075592041,0.0,0.0202817302197217,0.132885605096817,99.61801147460936
P96-6,2.6573529,0.1312448680400848,0.1910994350910186,0.0252046361565589,0.1329679489135742,0.024139892309904,0.1269057244062423,0.0579853542149066,0.3287661075592041,0.0,0.0221079494804143,0.1306415051221847,99.61780548095705
P96-6,2.6893526999999997,0.1308707743883132,0.1907002180814743,0.0251032840460538,0.1331712305545806,0.0241514015942811,0.126710370182991,0.0583555735647678,0.3287661075592041,0.0,0.0235653147101402,0.1223509982228279,99.61859130859376
P96-6,2.7213536,0.1312273144721984,0.1905166953802108,0.0251424964517354,0.1337983757257461,0.0241631250828504,0.1266207844018936,0.0588520765304565,0.3287661075592041,0.0,0.0243812166154384,0.1246599331498146,99.61895751953124
P96-6,2.7538556,0.1313766986131668,0.1899618655443191,0.0251079034060239,0.1347345560789108,0.0241680573672056,0.1263412982225418,0.0596464946866035,0.3287661075592041,0.0,0.0271145589649677,0.1189284548163414,99.62007904052734
P96-6,2.8018559,0.1318704783916473,0.1896159946918487,0.0251612979918718,0.1357132494449615,0.0241793524473905,0.1261691600084304,0.0602718517184257,0.3287661075592041,0.0,0.0292191822081804,0.1191919595003128,99.6207733154297
P96-6,2.8338945,0.1316424161195755,0.1890556961297988,0.0250633228570222,0.1364194303750991,0.0241523925215005,0.1258990615606308,0.0608393065631389,0.3287661075592041,0.0,0.0277821104973554,0.1174714267253875,99.62188720703124
P96-6,2.8658943,0.1306503266096115,0.1884503066539764,0.0249385610222816,0.1363274008035659,0.0241302270442247,0.1255892813205719,0.0609024837613105,0.3287661075592041,0.0,0.0246998444199562,0.1059653609991073,99.6230926513672
P96-6,2.8976826,0.1305289417505264,0.188221275806427,0.0249386802315711,0.1365033984184265,0.0241223834455013,0.1254639774560928,0.0608772374689579,0.3287661075592041,0.0,0.0236946158111095,0.0969419851899147,99.62355041503906
P96-6,2.9296835999999997,0.1296841353178024,0.1869275867938995,0.0248889606446027,0.1375049501657486,0.0241149328649044,0.1248556450009346,0.0612132661044597,0.3287661075592041,0.0,0.0221886187791824,0.0866691768169403,99.62614440917967
P96-6,2.961188,0.129510223865509,0.1872146427631378,0.0248525403439998,0.1367434561252594,0.0241227950900793,0.1249349191784858,0.0608827508985996,0.3287661075592041,0.0,0.0223366096615791,0.0640801340341567,99.62557220458984
P96-6,2.9941879,0.1292097121477127,0.1872424632310867,0.0249067675322294,0.1362578421831131,0.0241220146417617,0.1249173805117607,0.0606024339795112,0.3287661075592041,0.0,0.0212324224412441,0.0527902655303478,99.6255111694336
P96-6,3.0261891,0.1289889961481094,0.1873579025268554,0.0248979106545448,0.1358035653829574,0.0241219904273748,0.1249642670154571,0.0606094188988208,0.3287661075592041,0.0,0.0211401842534542,0.0480759851634502,99.62528228759763
P96-6,3.0586911999999997,0.1290447264909744,0.1874995529651641,0.0249120630323886,0.1356366276741027,0.0241202674806118,0.1250392794609069,0.0607717335224151,0.3287661075592041,0.0,0.0212613902986049,0.0473124049603939,99.625
P96-6,3.0906919,0.1291761845350265,0.1883525699377059,0.0249088574200868,0.1345566809177398,0.0241142660379409,0.1254170835018158,0.0601944923400878,0.3287661075592041,0.0,0.0208556931465864,0.0477286651730537,99.62329864501952
P96-6,3.1216927,0.1291419863700866,0.1886109113693237,0.0248982887715101,0.1342041492462158,0.024108724668622,0.1255441308021545,0.0599633045494556,0.3287661075592041,0.0,0.0191667452454566,0.0505264140665531,99.62277984619139
P96-6,3.1531962,0.1289509832859039,0.1887207329273223,0.0248541999608278,0.1339307129383087,0.0240980386734008,0.1255943030118942,0.0598115026950836,0.3287661075592041,0.0,0.0166683122515678,0.0517878532409667,99.62255859375
P96-6,3.2021958,0.1291191130876541,0.1890761256217956,0.0248840972781181,0.1336169838905334,0.0240917894989252,0.1257542222738266,0.0595586970448493,0.3287661075592041,0.0,0.0153008298948407,0.0530620291829109,99.6218490600586
P96-6,3.2335702,0.1293913573026657,0.1892503201961517,0.0249716341495513,0.1336572617292404,0.0240862313657999,0.1258449256420135,0.0593746155500411,0.3287661075592041,0.0,0.0131082283332943,0.0567957684397697,99.62149047851561
P96-6,3.2656809,0.1296548694372177,0.1896838843822479,0.0249851606786251,0.1333443522453308,0.0240803286433219,0.1260337233543396,0.0591860674321651,0.3287661075592041,0.0,0.0114008290693163,0.0570249445736408,99.6206283569336
P96-6,3.2996814999999997,0.1299684196710586,0.1899212896823883,0.025057828053832,0.1333054304122924,0.0240795277059078,0.1261358112096786,0.0591157935559749,0.3287661075592041,0.0,0.0101808793842792,0.0580705516040325,99.6201629638672
P96-6,3.3338343,0.1297472715377807,0.1901545375585556,0.0249858275055885,0.1327934861183166,0.0240797325968742,0.1262290775775909,0.0590007938444614,0.3287661075592041,0.0,0.0090054757893085,0.0549558028578758,99.61968994140624
P96-6,3.3673447000000003,0.1296304166316986,0.189516395330429,0.0249663479626178,0.1336661726236343,0.0240811109542846,0.1259706616401672,0.0595436319708824,0.3287661075592041,0.0,0.0089786294847726,0.0635479390621185,99.6209716796875
P96-6,3.4001533999999998,0.1298111677169799,0.1898037195205688,0.0249309986829757,0.1335037052631378,0.0240853149443864,0.1261037439107894,0.0595704540610313,0.3287661075592041,0.0,0.008927796036005,0.0664891898632049,99.62038421630861
P96-6,3.4266852,0.1299885362386703,0.1902468800544738,0.0248997621238231,0.1331203132867813,0.0240778755396604,0.1263004541397094,0.0594295859336853,0.3287661075592041,0.0,0.0079178269952535,0.0681382417678833,99.6195068359375
P96-6,3.4591911,0.129551738500595,0.1904062777757644,0.0247864946722984,0.1325136423110961,0.0240765195339918,0.126367837190628,0.0593527965247631,0.3287661075592041,0.0,0.0075499056838452,0.0694782137870788,99.6191864013672
P96-6,3.4896996,0.1293819397687912,0.190092921257019,0.0247719399631023,0.1328542828559875,0.0240719970315694,0.1262560784816741,0.05952675268054,0.3287661075592041,0.0,0.0067438180558383,0.0793351009488105,99.61981201171876
P96-6,3.5214541,0.1287692785263061,0.189518392086029,0.0247158873826265,0.1330920457839965,0.0240682121366262,0.1260186731815338,0.0596874095499515,0.3287661075592041,0.0,0.0063068591989576,0.08717742562294,99.62095642089844
P96-6,3.5529613999999996,0.1286756843328476,0.1898166388273239,0.0246920734643936,0.132593810558319,0.0240670628845691,0.1261433809995651,0.0592830590903759,0.3287661075592041,0.0,0.0055674919858574,0.0872555449604988,99.620361328125
P96-6,3.6008737,0.1286584585905075,0.1902153640985488,0.0246606655418872,0.1320367455482482,0.0240649282932281,0.1263287216424942,0.0588812232017517,0.3287661075592041,0.0,0.0053174481727182,0.0886721983551979,99.61956787109376
P96-6,3.6335425999999997,0.1287887841463089,0.1905623078346252,0.02466906234622,0.1316984593868255,0.0240627042949199,0.1265057921409606,0.0587586946785449,0.3287661075592041,0.0,0.0049874517135322,0.093093417584896,99.61887359619139
P96-6,3.6650499,0.1286468058824539,0.1902003437280654,0.0247124005109071,0.132004365324974,0.0240646321326494,0.1263423860073089,0.0591705329716205,0.3287661075592041,0.0,0.0051188678480684,0.0924544110894203,99.61959838867188
P96-6,3.6978293,0.1287916153669357,0.1901526302099227,0.0247632265090942,0.1321866065263748,0.0240660086274147,0.1263233721256256,0.0596563629806041,0.3287661075592041,0.0,0.0051724179647862,0.0918682813644409,99.61970520019533
P96-6,3.7309373999999997,0.1288934051990509,0.1903835386037826,0.024765683338046,0.1319539695978164,0.0240650903433561,0.1264079213142395,0.0600025169551372,0.3287661075592041,0.0,0.0051497728563845,0.0887873098254203,99.61923217773438
P96-6,3.7614445,0.129295527935028,0.1905376464128494,0.0248656962066888,0.1320811510086059,0.0240653194487094,0.1264659762382507,0.0606869347393512,0.3287661075592041,0.0,0.0051951967179775,0.0868722423911094,99.61892700195312
P96-6,3.7939629,0.1297022849321365,0.1907616853713989,0.0249368250370025,0.1321370899677276,0.024068372324109,0.1265557408332824,0.0613533556461334,0.3287661075592041,0.0,0.0053902310319244,0.0813800767064094,99.61848449707033
P96-6,3.8257651,0.1295765936374664,0.1907128244638443,0.024934971705079,0.1320331543684005,0.0240744519978761,0.1264993995428085,0.0617956109344959,0.3287661075592041,0.0,0.005487514194101,0.0729762241244316,99.61856842041016
P96-6,3.8585833,0.129038468003273,0.1903250217437744,0.0248591266572475,0.1319877058267593,0.0240949150174856,0.1262946724891662,0.0627567395567893,0.3287661075592041,0.0,0.0061614923179149,0.0619138404726982,99.6193389892578
P96-6,3.8898817,0.1287077367305755,0.1903804540634155,0.0248178988695144,0.1315760910511016,0.0241354946047067,0.1262458562850952,0.0633098483085632,0.3287661075592041,0.0,0.0108335139229893,0.0481624938547611,99.61924743652345
P96-6,3.9565852,0.1285271048545837,0.1907463371753692,0.0247824061661958,0.1310218721628189,0.0241774823516607,0.1263226568698883,0.0631359219551086,0.3287661075592041,0.0,0.0201015472412109,0.0398271158337593,99.6185073852539
P96-6,4.0036023,0.127829685807228,0.1908425837755203,0.0247717276215553,0.1311810612678527,0.0242648683488368,0.1259937137365341,0.0652848482131958,0.3287661075592041,0.0,0.0143076125532388,0.0254503395408391,99.61831665039062
P96-6,4.0346120999999995,0.1274713426828384,0.1916494667530059,0.0246638394892215,0.1310273557901382,0.024230420589447,0.1259241849184036,0.0661315023899078,0.3287661075592041,0.0,0.0138438381254673,0.0178726743906736,99.61669921875
P96-6,4.0660031,0.1273665428161621,0.1930432766675949,0.0246696267277002,0.1309183239936828,0.0242546703666448,0.1259030699729919,0.0679467841982841,0.3287661075592041,0.0,0.0144304316490888,0.0144304316490888,99.61391448974608
P96-6,4.0975101,0.1272251158952713,0.1948001831769943,0.0247249156236648,0.1310845911502838,0.0242953114211559,0.1257636249065399,0.0708257630467414,0.3287661075592041,0.0,0.0128956204280257,0.01256063580513,99.61040496826175
P96-6,4.1290171,0.1270880103111267,0.1963412910699844,0.0247137658298015,0.1310122609138488,0.0243964940309524,0.1257781237363815,0.0730108991265296,0.3287661075592041,0.0,0.0117285270243883,0.0100783938542008,99.60731506347656
P96-6,4.1619159,0.1272344440221786,0.1944296956062316,0.0248417370021343,0.1312928795814514,0.0245280601084232,0.1257470399141311,0.0798231586813926,0.3287661075592041,0.0,0.0100580789148807,0.00832986459136,99.61114501953124
P96-6,4.1936559,0.127880722284317,0.1935430616140365,0.0250600706785917,0.1321010291576385,0.0246409438550472,0.1257263720035553,0.0847079753875732,0.3287661075592041,0.0,0.0076109007932245,0.0061840317212045,99.6129150390625
P96-6,4.2251646,0.1296094357967376,0.191891148686409,0.0256632287055253,0.1331082731485366,0.0248126462101936,0.1258937120437622,0.0925851836800575,0.3287661075592041,0.0,0.0067178481258451,0.0057236263528466,99.6162109375
P96-6,4.257470700000001,0.1340974569320678,0.1912605762481689,0.0274631101638078,0.1350182294845581,0.0249730367213487,0.1261589527130127,0.098901554942131,0.3287661075592041,0.0,0.0091966688632965,0.0074285985901951,99.61747741699219
P96-6,4.290489600000001,0.1431278586387634,0.1907127499580383,0.0318814888596534,0.1385784894227981,0.025443959981203,0.1266558915376663,0.1102228909730911,0.3287661075592041,0.0,0.0142689049243927,0.0074582970701158,99.61856842041016
P96-6,4.3219963,0.1563621163368225,0.1901691108942031,0.03906986489892,0.1445966213941574,0.0258272942155599,0.1268126368522644,0.1241310164332389,0.3287661075592041,0.0,0.0215070992708206,0.0079192016273736,99.61965942382812
P96-6,4.355171,0.1704389005899429,0.189777597784996,0.0436942502856254,0.1561764925718307,0.0260627623647451,0.1270426958799362,0.1449258923530578,0.3287661075592041,0.0,0.0374239832162857,0.0073084034956991,99.62045288085936
P96-6,4.4017917,0.2005731463432312,0.1896791756153106,0.0530546717345714,0.1820411086082458,0.0261499546468257,0.1273365765810012,0.1713514775037765,0.3287661075592041,0.0,0.0641918405890464,0.0065816300921142,99.59886169433594
P96-6,4.4338018,0.2600613534450531,0.1898036301136016,0.0754116252064704,0.2290283143520355,0.0264033358544111,0.1277128159999847,0.2118167281150817,0.6885016560554504,0.0,0.1155058369040489,0.0057654017582535,99.47987365722656
P96-6,4.4673165,0.3838891685009002,0.189750075340271,0.1289387643337249,0.3225164115428924,0.0261817891150712,0.1276555955410003,0.2899401187896728,2.433271884918213,0.0,0.1755799204111099,0.0059815724380314,99.23221588134764
P96-6,4.498325800000001,0.5209275484085083,0.1900984346866607,0.1992256641387939,0.419582575559616,0.0257307775318622,0.12734355032444,0.3637754321098327,6.582676410675049,0.0,0.2679700553417205,0.0055502159520983,98.95814514160156
P96-6,4.530832600000001,0.6983644962310791,0.1902732998132705,0.3110387325286865,0.5333158373832702,0.0254952702671289,0.1271392256021499,0.4287031590938568,15.474542617797852,0.0,0.4147165417671203,0.0060534160584211,98.603271484375
P96-6,4.5623402,0.9218851923942564,0.1901468336582183,0.4845211803913116,0.6669572591781616,0.0253184605389833,0.1267677694559097,0.5118408203125,30.68449211120605,0.0,0.702810227870941,0.0070917014963924,98.15623474121091
P96-6,4.5951821,1.1373823881149292,0.1904064714908599,0.7345611453056335,0.7573290467262268,0.0252563804388046,0.1265192180871963,0.6205386519432067,42.94374084472656,0.0,0.7035647630691528,0.0078442152589559,97.72523498535155
P96-6,4.6283104,1.2967395782470703,0.1904182583093643,0.981176733970642,0.8078182935714721,0.0254230797290802,0.1266507655382156,0.7077189683914183,49.65259552001953,0.0,0.8106353878974915,0.0079390117898583,97.40650939941406
P96-6,4.6598179,1.3731571435928345,0.1910424083471298,1.0662707090377808,0.8472062349319458,0.0254078134894371,0.1266146451234817,0.7821100950241088,54.538280487060554,0.0,0.8084138631820678,0.0081048896536231,97.2536849975586
P96-6,4.6903253000000005,1.4100668430328367,0.1912444531917572,1.1120120286941528,0.8670894503593444,0.0251481048762798,0.1262451261281967,0.765666663646698,56.67158889770508,0.0,0.6178565025329589,0.0081386575475335,97.17987060546876
P96-6,4.7225280000000005,1.34774911403656,0.1916625201702117,0.9568451046943665,0.8608578443527221,0.0251289308071136,0.1267039626836776,0.7159615755081176,55.84951019287109,0.0,0.591561734676361,0.0082368394359946,97.30449676513673
P96-6,4.7545403,1.3399989604949951,0.1922678500413894,0.97760808467865,0.8463015556335449,0.0252736266702413,0.1267649382352829,0.6859147548675537,54.202335357666016,0.0,0.6722247600555419,0.0084177404642105,97.3199920654297
P96-6,4.801050600000001,1.3362815380096436,0.1936387866735458,1.0493595600128174,0.8198441863059996,0.025452522560954,0.1267975866794586,0.6677905321121215,51.133804321289055,0.0,0.7702889442443847,0.0106849344447255,97.32743835449219
P96-6,4.8335661,1.3041623830795288,0.1934156119823455,1.0562117099761963,0.791322648525238,0.0255483146756887,0.1267525553703308,0.5903748273849487,47.475547790527344,0.0,0.8266330957412719,0.0133139910176396,97.39167785644531
P96-6,4.867074400000001,1.2768121957778933,0.1946354061365127,1.0704493522644043,0.7709839344024658,0.0257210899144411,0.1265822499990463,0.5451469421386718,44.54861831665039,0.0,0.936252236366272,0.0168980322778224,97.44638061523438
P96-6,4.898134,1.167011857032776,0.1954952180385589,0.8671430945396423,0.7403896450996398,0.0255846362560987,0.1262504905462265,0.5189694762229919,40.302581787109375,0.0,0.8116973042488098,0.0163369160145521,97.66597747802734
P96-6,4.9301437,1.1974754333496094,0.1926112174987793,0.992993712425232,0.729795753955841,0.0259778685867786,0.125952124595642,0.5405643582344055,38.984031677246094,0.0,1.0195811986923218,0.0149261020123958,97.60504150390624
P96-6,4.9637455,1.0853694677352903,0.1895219087600708,0.7170374989509583,0.72922283411026,0.0261409319937229,0.1258073449134826,0.4902026951313018,39.25840759277344,0.0,1.09895658493042,0.0188252963125705,97.82926177978516
P96-6,4.995256,0.967978298664093,0.1877336949110031,0.5996056795120239,0.6741856932640075,0.0269179493188858,0.1251323819160461,0.4517293870449066,33.17947006225586,0.0,1.431351900100708,0.0229239910840988,98.06404113769533
P96-6,5.0272748,0.8372548222541809,0.1835591793060302,0.5827733874320983,0.561467170715332,0.0285380519926548,0.123845100402832,0.3596868813037872,21.873193740844727,0.0,2.174706220626831,0.0300441868603229,98.32548522949219
P96-6,5.0594888000000005,0.668975830078125,0.1813683956861496,0.4752199649810791,0.4572466909885406,0.0294081922620534,0.1210632845759391,0.2950413525104522,12.581706047058104,0.0,2.421855926513672,0.0393492691218853,98.66204833984376
P96-6,5.091751,0.5463356375694274,0.1797664165496826,0.4963999092578887,0.3366236686706543,0.0323966331779956,0.120820440351963,0.2353078424930572,4.688546657562256,0.0,3.82687783241272,0.0574300773441791,98.90733337402345
P96-6,5.123713700000001,0.3474274575710296,0.1774968206882476,0.2309953272342681,0.235659047961235,0.0337263718247413,0.1232916265726089,0.1847467422485351,1.1289908885955813,0.0,4.303030014038086,0.079161562025547,99.30513763427734
P96-6,5.1544561,0.2399954944849014,0.1744886338710784,0.1139219850301742,0.1869834065437316,0.0343779847025871,0.1255812048912048,0.1544216573238372,1.180936336517334,0.0,4.358817100524902,0.1165913119912147,99.52001190185547
P96-6,5.234484800000001,0.1750687509775161,0.1704815030097961,0.0616456679999828,0.1624383181333541,0.0348900854587554,0.1278043836355209,0.1307610720396041,2.6405291557312007,0.0,4.268261909484863,0.1857047528028488,99.6498565673828
P96-6,5.265497,0.1288459450006485,0.1508134752511978,0.0473669655621051,0.1608625650405883,0.0361752063035964,0.1267613023519516,0.1111382395029068,14.326543807983398,0.0,4.0086326599121085,0.4120212197303772,99.67828369140624
P96-6,5.2975135,0.1144551932811737,0.1324355453252792,0.04465739056468,0.1930376589298248,0.0360888130962848,0.1209318414330482,0.1214467361569404,37.07643127441406,0.0,3.480726718902588,0.5962955951690673,99.61392974853517
P96-6,5.329524600000001,0.1003923118114471,0.1114487200975418,0.0437575057148933,0.2677417993545532,0.0351498760282993,0.1105815768241882,0.1573023796081543,68.5569839477539,0.0,2.8403196334838867,0.8209588527679443,99.4645233154297
P96-6,5.3635906,0.0743128210306167,0.0688798800110816,0.0441950671374797,0.527349054813385,0.0354103147983551,0.0839123651385307,0.3347070515155792,93.96835327148435,0.0,2.3093278408050537,1.0109001398086548,98.94529724121091
P96-6,5.3935981,0.062961995601654,0.0521165654063224,0.0404906086623668,0.7452914714813232,0.0368781648576259,0.0717530027031898,0.4752053022384643,97.86602020263673,0.0,2.8110456466674805,1.2064043283462524,98.50941467285155
P96-6,5.426115800000001,0.0538732260465621,0.0413346663117408,0.0371662564575672,0.9474085569381712,0.0374994091689586,0.0604533366858959,0.6332074403762817,99.07948303222656,0.0,3.107670783996582,1.3124736547470093,98.10518646240233
P96-6,22.5967233,0.1184072941541671,0.1641150116920471,0.0225895717740058,0.1256157755851745,0.0307689979672431,0.118557795882225,0.0565720647573471,0.3287661075592041,0.0,0.0264605674892663,0.0057679093442857,99.67176818847656
P96-6,22.627502800000002,0.1209495216608047,0.1723164319992065,0.0230406764894723,0.1265836507081985,0.0286026913672685,0.1211801543831825,0.0562315359711647,0.3287661075592041,0.0,0.0319966189563274,0.0059032924473285,99.65536499023438
P96-6,22.6592484,0.1225384175777435,0.177632987499237,0.0233282372355461,0.1290167123079299,0.0271691065281629,0.1227274090051651,0.0562516637146472,0.3287661075592041,0.0,0.0418462269008159,0.004800658673048,99.64473724365233
P96-6,22.693266299999998,0.1229112520813942,0.1786873191595077,0.0233804769814014,0.1301561444997787,0.0268559679388999,0.1230100393295288,0.0562217012047767,0.3287661075592041,0.0,0.0502641350030899,0.0048987106420099,99.6426239013672
P96-6,22.7244532,0.1226915270090103,0.1779787987470626,0.0233438145369291,0.130518764257431,0.0269894916564226,0.1227812618017196,0.0562906563282012,0.3287661075592041,0.0,0.0460439510643482,0.0054476377554237,99.64404296875
P96-6,22.7561482,0.1225643754005432,0.1777557134628295,0.0233535412698984,0.1312008202075958,0.0269989129155874,0.122702457010746,0.0564992427825927,0.3287661075592041,0.0,0.0414457507431507,0.0051133399829268,99.6444854736328
P96-6,22.803309799999997,0.1228607520461082,0.1797011196613311,0.0234362501651048,0.1322272717952728,0.026649821549654,0.123014323413372,0.056649524718523,0.3287661075592041,0.0,0.0399122908711433,0.0047683464363217,99.64059448242189
P96-6,22.834584900000003,0.1230071783065795,0.1808770298957824,0.0234840977936983,0.1323326081037521,0.0265209060162305,0.1232579350471496,0.0566990002989768,0.3287661075592041,0.0,0.0382808297872543,0.0055679753422737,99.63825225830078
P96-6,22.8667983,0.1234117671847343,0.1829829365015029,0.0235597435384988,0.1320587545633316,0.0261451937258243,0.123547077178955,0.0567505843937397,0.3287661075592041,0.0,0.0363846085965633,0.0053795506246387,99.634033203125
P96-6,22.8988391,0.1239326000213623,0.1853760629892349,0.0236284919083118,0.1318459808826446,0.0258207470178604,0.1239274591207504,0.0566270649433135,0.3287661075592041,0.0,0.0336277894675731,0.0055680968798696,99.6292495727539
P96-6,22.9307048,0.1241034716367721,0.1863342523574829,0.0236404109746217,0.1302477866411209,0.0258484557271003,0.1241103857755661,0.0563746616244316,0.3287661075592041,0.0,0.0332999862730503,0.0061247562989592,99.62732696533203
P96-6,22.9617359,0.1242775246500968,0.1873300075531005,0.0236656256020069,0.1290052235126495,0.0257329382002353,0.1242508962750434,0.0562834367156028,0.3287661075592041,0.0,0.0323938205838203,0.0074933641590178,99.62535095214845
P96-6,22.9955724,0.124514564871788,0.1874638646841049,0.0237035173922777,0.1279856413602829,0.0256568193435668,0.1244728788733482,0.0561467036604881,0.3287661075592041,0.0,0.0373459868133068,0.0085840066894888,99.62506103515624
P96-6,23.028118900000003,0.1246985867619514,0.1872732937335968,0.0237327348440885,0.1273055374622345,0.0256345923990011,0.1246488913893699,0.0560000203549861,0.3287661075592041,0.0,0.0431135967373847,0.0107132056728005,99.6254425048828
P96-6,23.060135900000002,0.1248543411493301,0.1862511783838272,0.0237364675849676,0.1268938183784484,0.0256040636450052,0.1247522756457328,0.0559426136314868,0.3287661075592041,0.0,0.0487283617258071,0.0119078643620014,99.62749481201173
P96-6,23.0907876,0.1252001672983169,0.1871399134397506,0.0237770341336727,0.1267889589071273,0.0254780407994985,0.1250964999198913,0.0558440051972866,0.3287661075592041,0.0,0.0591809898614883,0.0142311314120888,99.62571716308592
P96-6,23.1222168,0.1253971308469772,0.1876915991306304,0.0237927753478288,0.1269043385982513,0.0254752226173877,0.1251974701881408,0.0558727532625198,0.3287661075592041,0.0,0.06183897331357,0.0176117978990077,99.62461853027344
P96-6,23.155519,0.1254907548427581,0.1872731149196624,0.0238009188324213,0.1269485354423522,0.0254440326243638,0.1252117305994033,0.0559035986661911,0.3287661075592041,0.0,0.0649765953421592,0.0224072579294443,99.6254425048828
P96-6,23.2350934,0.1257264316082,0.1870354712009429,0.0238429848104715,0.1272223740816116,0.0253889970481395,0.1252289563417434,0.0560089349746704,0.3287661075592041,0.0,0.0643303468823432,0.0278630424290895,99.6259307861328
P96-6,23.266138299999998,0.1262667179107666,0.1890771090984344,0.0239349547773599,0.1281157135963439,0.025057254359126,0.125533252954483,0.0561618469655513,0.3287661075592041,0.0,0.0625363066792488,0.0347792319953441,99.6218490600586
P96-6,23.2981793,0.1265182495117187,0.1903198659420013,0.0239812135696411,0.1285315752029418,0.0249300003051757,0.1257206350564956,0.0562239773571491,0.3287661075592041,0.0,0.0761251375079154,0.0349834412336349,99.61935424804688
P96-6,23.3305091,0.126875102519989,0.1909267157316207,0.0240039750933647,0.1290740966796875,0.0249104481190443,0.1258081942796707,0.0563670024275779,0.3287661075592041,0.0,0.078633926808834,0.0409459359943866,99.61814880371091
P96-6,23.362071500000003,0.1270184963941574,0.1912259012460708,0.024004204198718,0.1295430362224578,0.0248437523841857,0.1258304268121719,0.0565311573445796,0.3287661075592041,0.0,0.0813260003924369,0.0417031832039356,99.6175537109375
P96-6,23.3931122,0.1269559562206268,0.190383642911911,0.0240105893462896,0.1293733119964599,0.0248995497822761,0.1259600520133972,0.0564360804855823,0.3287661075592041,0.0,0.0918818041682243,0.0397357232868671,99.61923217773438
P96-6,23.4259817,0.1273365169763565,0.1902023255825042,0.0240098573267459,0.1298073977231979,0.0249471925199031,0.1260745525360107,0.0565609075129032,0.3287661075592041,0.0,0.1016082391142845,0.0373571664094924,99.61959838867188
P96-6,23.4585076,0.1277163922786712,0.1896519362926483,0.0240498837083578,0.1302942633628845,0.0249306932091712,0.1262111067771911,0.0567286275327205,0.3287661075592041,0.0,0.1194227784872055,0.0390223488211631,99.62068939208984
P96-6,23.489824499999997,0.1282133609056472,0.1888870745897293,0.0240976028144359,0.1306518912315368,0.0249383710324764,0.1263177096843719,0.056880198419094,0.3287661075592041,0.0,0.1324066668748855,0.0419452525675296,99.62223052978516
P96-6,23.5232061,0.1282205730676651,0.1887783110141754,0.0240817312151193,0.1303517818450927,0.024878641590476,0.1264590471982955,0.0567154623568058,0.3287661075592041,0.0,0.1419282704591751,0.0378956384956836,99.62244415283203
P96-6,23.555931100000002,0.1278908401727676,0.1889529675245285,0.024124776944518,0.1298133432865142,0.0248081274330616,0.1264619976282119,0.0564512498676776,0.3287661075592041,0.0,0.1323966383934021,0.0342244990170001,99.62208557128906
P96-6,23.602447,0.1275032758712768,0.189195916056633,0.0240894928574562,0.129250094294548,0.0247799735516309,0.1265138685703277,0.0562015585601329,0.3287661075592041,0.0,0.1234609112143516,0.0320011936128139,99.6216049194336
P96-6,23.634211,0.1274320036172866,0.1890016347169876,0.0241110920906066,0.1297329366207122,0.0247333776205778,0.1262927502393722,0.0563821829855442,0.3287661075592041,0.0,0.1043129116296768,0.0355679951608181,99.62200164794922
P96-6,23.6672841,0.1270660459995269,0.1888305246829986,0.0240846257656812,0.130079373717308,0.0246738847345113,0.1261125653982162,0.056470301002264,0.3287661075592041,0.0,0.0815025046467781,0.0336168259382247,99.62234497070312
P96-6,23.6983952,0.1267413198947906,0.1887191236019134,0.024030378088355,0.1300673633813858,0.0246350970119237,0.1260051131248474,0.0564488284289836,0.3287661075592041,0.0,0.058915127068758,0.0293832756578922,99.62255859375
P96-6,23.730628,0.1264710277318954,0.1887020468711853,0.0239917580038309,0.1302211731672287,0.0246232599020004,0.1259752959012985,0.0563322268426418,0.3287661075592041,0.0,0.0499271564185619,0.0239418279379606,99.62260437011719
P96-6,23.761807100000002,0.1262477785348892,0.1887101233005523,0.0239640716463327,0.1311648935079574,0.0246117860078811,0.1259692311286926,0.0562500022351741,0.3287661075592041,0.0,0.0543432906270027,0.0191146023571491,99.62257385253906
P96-6,23.7957691,0.1259756535291671,0.1880622506141662,0.0239364169538021,0.1329486370086669,0.0246976073831319,0.1257317662239074,0.0563710071146488,0.3287661075592041,0.0,0.0574062950909137,0.0181518774479627,99.62387084960936
P96-6,23.8280852,0.1256384551525116,0.1872126162052154,0.0239267442375421,0.1352941542863845,0.0247435215860605,0.1253723502159118,0.0567181631922721,0.3287661075592041,0.0,0.0664418712258338,0.0176415126770734,99.62557220458984
P96-6,23.860829000000003,0.1251413822174072,0.1860487312078476,0.0239384025335311,0.1367435157299041,0.0248068980872631,0.1248424425721168,0.0572202391922473,0.3287661075592041,0.0,0.0813179090619087,0.0148169985041022,99.62789916992189
P96-6,23.892491699999997,0.1251909732818603,0.1862748265266418,0.0239284988492727,0.1370837241411209,0.0248633697628974,0.1249912902712822,0.0569340027868747,0.3287661075592041,0.0,0.0972507297992706,0.0121133457869291,99.62745666503906
P96-6,23.9234461,0.1251536011695861,0.1861900091171264,0.0239274278283119,0.1379268169403076,0.0248353201895952,0.1249341517686843,0.0569783560931682,0.3287661075592041,0.0,0.1007674187421798,0.0091981953009963,99.62762451171876
P96-6,23.9559533,0.125014916062355,0.1857775151729583,0.0239027105271816,0.1395697742700576,0.024873187765479,0.1247969716787338,0.0571076460182666,0.3287661075592041,0.0,0.1058952286839485,0.0068662818521261,99.62844848632812
P96-6,24.001583,0.1248767599463462,0.1855236440896987,0.0238822996616363,0.1395295709371566,0.0248277448117733,0.1246631368994712,0.0572756752371788,0.3287661075592041,0.0,0.0811063349246978,0.0048467507585883,99.6289520263672
P96-6,24.0344989,0.1244527250528335,0.1844491511583328,0.0238791797310113,0.1393495053052902,0.0247655399143695,0.1241333186626434,0.058012768626213,0.3287661075592041,0.0,0.0569106452167034,0.0032360488548874,99.631103515625
P96-6,24.0668325,0.1242838129401207,0.1840490102767944,0.0238861478865146,0.1384566575288772,0.0247483104467391,0.1239192113280296,0.0582957565784454,0.3287661075592041,0.0,0.0445608608424663,0.0025263603311032,99.63191223144531
P96-6,24.0973338,0.1238425001502037,0.1830154955387115,0.0238954182714223,0.1393299996852874,0.0246958192437887,0.1234224662184715,0.0589757747948169,0.3287661075592041,0.0,0.0552657507359981,0.0021077375859022,99.63397216796876
P96-6,24.1311766,0.1240680664777755,0.1833171546459198,0.0239170510321855,0.1403571367263793,0.0246605481952428,0.1235149428248405,0.0589260533452034,0.3287661075592041,0.0,0.1100866347551345,0.0019895539153367,99.63336944580078
P96-6,24.162249,0.1239619478583335,0.1827161014080047,0.0239415317773818,0.1420779079198837,0.0246743522584438,0.1232230067253112,0.0592926330864429,0.3287661075592041,0.0,0.1819242537021637,0.0021165986545383,99.63456726074217
P96-6,24.196835800000002,0.1240720376372337,0.1823119819164276,0.0239492021501064,0.1437646895647049,0.0246796924620866,0.1230411604046821,0.0596061758697032,0.3287661075592041,0.0,0.2140903025865554,0.0021793041378259,99.6353759765625
P96-6,24.229372299999998,0.1237470507621765,0.1808474957942962,0.0239574443548917,0.1470503062009811,0.0246823541820049,0.1223927214741706,0.060492817312479,0.3287661075592041,0.0,0.2079280912876129,0.0023891951423138,99.6383056640625
P96-6,24.2581645,0.1240488141775131,0.1822960972785949,0.0239414386451244,0.1518330127000808,0.024731021374464,0.1225732043385505,0.0602661930024623,0.3287661075592041,0.0,0.2154377549886703,0.0024123003240674,99.63540649414062
P96-6,24.289665799999998,0.1248435080051422,0.1847567558288574,0.0239218156784772,0.1541279405355453,0.0247891414910554,0.1233268678188324,0.0592230297625064,0.3287661075592041,0.0,0.2297028750181198,0.002600698499009,99.63048553466798
P96-6,24.321175900000004,0.1254305243492126,0.187257170677185,0.0239037349820137,0.15733502805233,0.0247992370277643,0.1238352507352829,0.058608241379261,0.3287661075592041,0.0,0.2299889326095581,0.0027808053418993,99.62548828125
P96-6,24.3532279,0.1258231848478317,0.1902168989181518,0.023897536098957,0.1578219980001449,0.0248098317533731,0.1245735213160514,0.0576273053884506,0.3287661075592041,0.0,0.2341870963573455,0.0027483301237225,99.61956024169922
P96-6,24.400912899999998,0.1255519539117813,0.1905379295349121,0.0238998364657163,0.1542019844055175,0.0247569251805543,0.1248920485377311,0.0571955107152462,0.3287661075592041,0.0,0.2251618206501007,0.0028310730122029,99.61892700195312
P96-6,24.433042099999998,0.1255335509777069,0.1911537200212478,0.0238894056528806,0.1485634446144104,0.024785503745079,0.1250794231891632,0.0568979308009147,0.3287661075592041,0.0,0.2356856167316436,0.0027604789938777,99.61769104003906
P96-6,24.4650643,0.1255241632461547,0.1905949562788009,0.0238903611898422,0.1433990746736526,0.0247901808470487,0.1252355873584747,0.0566496849060058,0.3287661075592041,0.0,0.2033283859491348,0.0027813676279038,99.61881256103517
P96-6,24.497109899999998,0.1257884800434112,0.1899013966321945,0.0238848011940717,0.1384756565093994,0.0247573517262935,0.1255742609500885,0.0562560334801673,0.3287661075592041,0.0,0.1591544151306152,0.0024890988133847,99.62019348144531
P96-6,24.5297029,0.1258295774459838,0.1884129047393798,0.0238700285553932,0.1349459886550903,0.0247887168079614,0.1255777329206466,0.0561968125402927,0.3287661075592041,0.0,0.1806938201189041,0.0023112655617296,99.6231689453125
P96-6,24.5632924,0.1258125752210617,0.1878659725189209,0.0238515548408031,0.1325763911008834,0.0248094517737627,0.1256101578474044,0.05603688955307,0.3287661075592041,0.0,0.1525310426950454,0.0022259147372096,99.624267578125
P96-6,24.5960707,0.1257326155900955,0.1877271831035614,0.0238435976207256,0.1306416243314743,0.0248244758695364,0.1255596131086349,0.0560985058546066,0.3287661075592041,0.0,0.1235244870185852,0.0021952465176582,99.62454223632812
P96-6,24.6274557,0.1256290525197982,0.1874666213989257,0.0238278042525053,0.1293293386697769,0.0248882751911878,0.1254927814006805,0.0560692623257637,0.3287661075592041,0.0,0.0958970859646797,0.0021398188546299,99.62506103515624
P96-6,24.659815,0.1255263239145278,0.1872680336236953,0.0238254871219396,0.1291432827711105,0.0248725228011608,0.1253996938467025,0.0561780408024787,0.3287661075592041,0.0,0.0785887911915779,0.0019067757530137,99.62545776367188
P96-6,24.6917093,0.1254671365022659,0.1870769709348678,0.0238234866410493,0.1294100284576416,0.0248825810849666,0.1253184527158737,0.056241288781166,0.3287661075592041,0.0,0.0807256624102592,0.0017320028273388,99.62583923339844
P96-6,24.7234601,0.1254776567220687,0.1866376101970672,0.023817878216505,0.1300335377454757,0.0249115396291017,0.1251500248908996,0.0564108602702617,0.3287661075592041,0.0,0.1611162424087524,0.0016616696957498,99.62671661376952
P96-6,24.753335200000002,0.125415951013565,0.1858098804950714,0.0237976517528295,0.1307039707899093,0.0250160060822963,0.1248613595962524,0.0566476620733737,0.3287661075592041,0.0,0.2766635417938232,0.0016804471379145,99.62838745117188
P96-6,24.8021931,0.1257535070180892,0.1853736937046051,0.0238024611026048,0.1314041465520858,0.0250834971666336,0.1247127801179885,0.0568590015172958,0.3287661075592041,0.0,0.3342382609844207,0.0017235074192285,99.6292495727539
P96-6,24.833695,0.1262506544589996,0.1848062723875045,0.0238001942634582,0.1323795616626739,0.0251406971365213,0.1245060265064239,0.0571316294372081,0.3287661075592041,0.0,0.3408586084842681,0.0017065517604351,99.63037872314452
P96-6,24.8661911,0.1256184130907058,0.1850188225507736,0.023808704689145,0.1336211115121841,0.0251183193176984,0.1245893687009811,0.0570871792733669,0.3287661075592041,0.0,0.3316704332828521,0.0017341100610792,99.62995910644531
P96-6,24.8973536,0.1252913028001785,0.1850857585668563,0.0238081812858581,0.1351236552000045,0.0250442586839199,0.1245624274015426,0.0571205765008926,0.3287661075592041,0.0,0.3233527839183807,0.0017298734746873,99.6298370361328
P96-6,24.9297998,0.1252265721559524,0.1854161322116851,0.0238111577928066,0.1356513500213623,0.025003295391798,0.1246849298477172,0.0570299699902534,0.3287661075592041,0.0,0.2260782867670059,0.0017139189876616,99.62917327880861
P96-6,24.9630945,0.1253843605518341,0.1860944181680679,0.0238238740712404,0.134624108672142,0.0249113980680704,0.1249219626188278,0.0568507127463817,0.3287661075592041,0.0,0.1695720106363296,0.0014664770569652,99.6278076171875
P96-6,24.994956900000002,0.1256686747074127,0.1862153559923172,0.0238236002624034,0.1349823623895645,0.0249453112483024,0.1250021904706955,0.0567622706294059,0.3287661075592041,0.0,0.2912647426128387,0.0013889991678297,99.62757110595705
P96-6,25.0278131,0.1264320164918899,0.1869889944791793,0.0238334611058235,0.1356779783964157,0.024973751977086,0.1253721714019775,0.0563985742628574,0.3287661075592041,0.0,0.287964254617691,0.0014155909884721,99.6260223388672
P96-6,25.0587862,0.1266241669654846,0.1873024404048919,0.0238448716700077,0.1347570717334747,0.0249568279832601,0.1255071908235549,0.0563373789191246,0.3287661075592041,0.0,0.2745720744132995,0.001469014910981,99.62539672851561
P96-6,25.090702,0.1264997124671936,0.187503844499588,0.02386374771595,0.1338333636522293,0.0249735843390226,0.125602439045906,0.0563378632068634,0.3287661075592041,0.0,0.2664365470409393,0.0016526206163689,99.62499237060547
P96-6,25.1242528,0.1262737512588501,0.187742531299591,0.0238671824336051,0.1323007196187973,0.0248650554567575,0.1256367713212966,0.0563106201589107,0.3287661075592041,0.0,0.2509378492832183,0.001809032051824,99.62451934814452
P96-6,25.1562129,0.1261451840400695,0.1877795159816741,0.0238814316689968,0.1330098211765289,0.0248386580497026,0.1256444305181503,0.056368451565504,0.3287661075592041,0.0,0.1967348605394363,0.0019303523004055,99.62444305419922
P96-6,25.2024162,0.1261099278926849,0.187833085656166,0.0238766521215438,0.1313668489456176,0.0248638913035392,0.125679925084114,0.0562477521598339,0.3287661075592041,0.0,0.183238998055458,0.0025603307876735,99.62432861328124
P96-6,25.2334804,0.1263786703348159,0.1882506757974624,0.0238919332623481,0.1301775872707366,0.0248324554413557,0.1258686035871505,0.0561796464025974,0.3287661075592041,0.0,0.2327807992696762,0.0031154784373939,99.62350463867188
P96-6,25.2653083,0.126547485589981,0.1886766403913497,0.0238951444625854,0.1287528574466705,0.024798858910799,0.1260118931531906,0.0560262314975261,0.3287661075592041,0.0,0.223424345254898,0.0032160147093236,99.62265014648435
P96-6,25.2978993,0.1264867484569549,0.1890506595373153,0.0239135846495628,0.1281253546476364,0.0246879793703556,0.1260775625705719,0.0559740886092185,0.3287661075592041,0.0,0.1965778172016143,0.0030872779898345,99.62190246582033
P96-6,25.3294767,0.126680314540863,0.1899979561567306,0.0239291600883007,0.127868428826332,0.0246095061302185,0.1262873411178588,0.055779080837965,0.3287661075592041,0.0,0.1711758822202682,0.002990303793922,99.62000274658205
P96-6,25.3609952,0.1266453266143798,0.1909094452857971,0.023944292217493,0.1277300864458084,0.0245537031441926,0.1263844519853591,0.0556647069752216,0.3287661075592041,0.0,0.1566432267427444,0.0031409577932208,99.6181869506836
P96-6,25.3935068,0.1267324537038803,0.1925539374351501,0.0239610560238361,0.1278689205646514,0.0245184730738401,0.1265139132738113,0.0555658936500549,0.3287661075592041,0.0,0.1454460173845291,0.0031538403127342,99.61489105224608
P96-6,25.426269800000004,0.1268274337053299,0.1938752084970474,0.0239632464945316,0.1276292651891708,0.0245140101760625,0.1265922039747238,0.0555055513978004,0.3287661075592041,0.0,0.1398684233427047,0.0037293462082743,99.61224365234376
P96-6,25.4582847,0.1268019378185272,0.1958386451005935,0.023973349481821,0.1278872340917587,0.0245246682316064,0.1266171038150787,0.055492877960205,0.3287661075592041,0.0,0.1408797353506088,0.0036089241039007,99.60832214355469
P96-6,25.4903237,0.1269173324108123,0.1979670524597168,0.0239692348986864,0.1284438222646713,0.0245294850319623,0.1266386359930038,0.0554738156497478,0.3287661075592041,0.0,0.1405217051506042,0.0044391923584043,99.60406494140624
P96-6,25.5232026,0.1269290596246719,0.2009961307048797,0.023989375680685,0.1292814910411834,0.0245638918131589,0.1267279833555221,0.0554860569536685,0.3287661075592041,0.0,0.1351882815361022,0.0048867613077163,99.59800720214845
P96-6,25.5554004,0.1269237399101257,0.2012111991643905,0.0240074768662452,0.1301270276308059,0.0245985276997089,0.1267950683832168,0.0555041469633579,0.3287661075592041,0.0,0.1494285613298416,0.0059283124282956,99.59757995605469
P96-6,25.6351095,0.1268595606088638,0.199644386768341,0.024022564291954,0.1300179958343505,0.024632254615426,0.126821681857109,0.0555494502186775,0.3287661075592041,0.0,0.1459320187568664,0.006896638777107,99.60071563720705
P96-6,25.6670716,0.1268309950828552,0.1966447085142135,0.0240393839776515,0.1301622837781906,0.0246312208473682,0.1266675889492034,0.0556808076798915,0.3287661075592041,0.0,0.1578690260648727,0.0083835991099476,99.60670471191406
P96-6,25.698120900000003,0.1268034428358078,0.1951927989721298,0.0240362882614135,0.1301803290843963,0.0245596505701541,0.1265733987092971,0.0557524487376213,0.3287661075592041,0.0,0.1372129619121551,0.0093839969485998,99.609619140625
P96-6,25.731411500000004,0.1268990188837051,0.1942767947912216,0.0240474734455347,0.1298964470624923,0.0245212540030479,0.1266240328550338,0.0557515695691108,0.3287661075592041,0.0,0.1291857808828353,0.0095201963558793,99.6114501953125
P96-6,25.761944800000002,0.1267161518335342,0.1927007138729095,0.0240516029298305,0.1297252178192138,0.0245759095996618,0.1265362203121185,0.0558954998850822,0.3287661075592041,0.0,0.1342535614967346,0.0101498803123831,99.6146011352539
P96-6,25.7944669,0.1267096996307373,0.1918558031320571,0.0240703672170639,0.1292805671691894,0.0245584119111299,0.1265150010585784,0.0559406988322734,0.3287661075592041,0.0,0.1297236084938049,0.0100430892780423,99.61628723144531
P96-6,25.8265542,0.1266584694385528,0.1913981586694717,0.0240661222487688,0.1296529024839401,0.0245650857686996,0.1263596564531326,0.0561349019408226,0.3287661075592041,0.0,0.1344655305147171,0.0104263331741094,99.61720275878906
P96-6,25.8595419,0.1266176402568817,0.1908040791749954,0.0240599755197763,0.1301671117544174,0.024582140147686,0.1261833906173706,0.0563110224902629,0.3287661075592041,0.0,0.1357345134019851,0.0116777615621685,99.61839294433594
P96-6,25.8911914,0.1265067607164382,0.190026968717575,0.0240609142929315,0.1302923262119293,0.0245333220809698,0.125997245311737,0.0564663745462894,0.3287661075592041,0.0,0.1337759494781494,0.0130799608305096,99.61994171142578
P96-6,25.923587,0.126356765627861,0.189188539981842,0.0240622665733098,0.1304022073745727,0.0245514325797557,0.1258585900068283,0.0565795339643955,0.3287661075592041,0.0,0.1393035948276519,0.0144370095804333,99.62162017822264
P96-6,25.9556753,0.1260158419609069,0.1881742626428604,0.0240691043436527,0.1308827400207519,0.0246035028249025,0.1256653219461441,0.0567686520516872,0.3287661075592041,0.0,0.1455310881137847,0.0117655815556645,99.6236572265625
P96-6,26.0347084,0.1259502172470092,0.1879562139511108,0.0240728463977575,0.1313494741916656,0.0245863609015941,0.1255331933498382,0.0568710602819919,0.3287661075592041,0.0,0.1436584293842315,0.0127074047923088,99.62408447265624
P96-6,26.0662531,0.1258900612592697,0.187734231352806,0.0240755788981914,0.1319310963153839,0.0246117860078811,0.1253832280635833,0.0569558776915073,0.3287661075592041,0.0,0.1532655656337738,0.0133187659084796,99.62452697753906
P96-6,26.1322015,0.1257335692644119,0.1876085698604583,0.024090364575386,0.1315815448760986,0.0246265232563018,0.1252765655517578,0.056996364146471,0.3287661075592041,0.0,0.1629088670015335,0.0133102592080831,99.62478637695312
P96-6,26.1616999,0.1253218501806259,0.1870495378971099,0.024172319099307,0.1311768740415573,0.0245899930596351,0.1248194947838783,0.0573583878576755,0.3287661075592041,0.0,0.167564645409584,0.01283769775182,99.62590026855469
P96-6,26.1969752,0.1252129822969436,0.1861349046230316,0.0241523925215005,0.1321072578430175,0.0245883073657751,0.1244363710284233,0.0580288879573345,0.3287661075592041,0.0,0.1686460971832275,0.0122596817091107,99.62773132324217
P96-6,26.227014200000003,0.1253041326999664,0.1851814538240432,0.0241223834455013,0.1330682933330535,0.0246275328099727,0.1240589097142219,0.0586878173053264,0.3287661075592041,0.0,0.1860810369253158,0.011483653448522,99.62963104248048
P96-6,26.258232500000002,0.1255920827388763,0.1846568137407302,0.0240451358258724,0.1337160170078277,0.0246309842914342,0.1239299997687339,0.0591709204018116,0.3287661075592041,0.0,0.1931301057338714,0.0097245322540402,99.63069152832033
P96-6,26.289704399999998,0.1255801916122436,0.1839247345924377,0.0239930357784032,0.1344130337238311,0.0246684476733207,0.1236940845847129,0.0596838817000389,0.3287661075592041,0.0,0.2033318728208541,0.0084176370874047,99.63214874267578
P96-6,26.323360700000002,0.1253769546747207,0.1831645369529724,0.0239703096449375,0.1349028795957565,0.0247126817703247,0.123380146920681,0.0601295828819274,0.3287661075592041,0.0,0.2216186374425888,0.0077034733258187,99.63367462158205
P96-6,26.3543832,0.1249235570430755,0.182307556271553,0.023972138762474,0.1351647824048996,0.0247981958091259,0.123039461672306,0.0604260899126529,0.3287661075592041,0.0,0.185986578464508,0.008349921554327,99.63539123535155
P96-6,26.4035104,0.1235827952623367,0.1811274588108062,0.0240720435976982,0.135540559887886,0.0248046033084392,0.1223672553896904,0.0607907325029373,0.3287661075592041,0.0,0.1487922370433807,0.0092339720577001,99.6377410888672
P96-6,26.433533200000003,0.1228195056319236,0.1798209995031356,0.0242254305630922,0.1362237185239791,0.0248513538390398,0.1215362474322319,0.0613520368933677,0.3287661075592041,0.0,0.1938675493001937,0.0094936974346637,99.64036560058592
P96-6,26.4655897,0.1219009310007095,0.178651362657547,0.0243447907269001,0.1373452097177505,0.024782171472907,0.1208094507455825,0.0621306635439395,0.3287661075592041,0.0,0.2101999372243881,0.0111287655308842,99.6427001953125
P96-6,26.497178899999998,0.1214602589607238,0.1778128296136856,0.0242910031229257,0.1387459933757782,0.0246909223496913,0.1204641535878181,0.063001126050949,0.3287661075592041,0.0,0.1608846336603164,0.0139635149389505,99.64436340332033
P96-6,26.5309035,0.1191420704126358,0.1729249656200408,0.0243165865540504,0.1440625041723251,0.0247590020298957,0.1182116121053695,0.0660572052001953,0.3287661075592041,0.0,0.1969148814678192,0.0153415156528353,99.65414428710936
P96-6,26.563877700000003,0.1174255609512329,0.1690227836370468,0.0241969469934701,0.1495157480239868,0.0247686114162206,0.116617351770401,0.0690438225865364,0.3287661075592041,0.0,0.14292673766613,0.0173214189708232,99.66195678710936
P96-6,26.596352900000003,0.1165971383452415,0.1669004708528518,0.0242045614868402,0.1528174430131912,0.024701515212655,0.1156751736998558,0.0708775445818901,0.3287661075592041,0.0,0.1175827160477638,0.0179397035390138,99.66619873046876
P96-6,26.6272101,0.1159918457269668,0.1657420396804809,0.0243280883878469,0.1544522643089294,0.0246648509055376,0.1149390935897827,0.0718196704983711,0.3287661075592041,0.0,0.1566812694072723,0.0190184321254491,99.66851806640624
P96-6,26.6597006,0.1167943328619003,0.1663541793823242,0.0241876952350139,0.1548703461885452,0.0246511679142713,0.1153183877468109,0.0717325955629348,0.3287661075592041,0.0,0.098328024148941,0.0195313822478055,99.66729736328124
P96-6,26.691532,0.118621289730072,0.1694646924734115,0.0241829920560121,0.152514711022377,0.0246057286858558,0.1165363490581512,0.0703831166028976,0.3287661075592041,0.0,0.0945007503032684,0.0198270194232463,99.66107177734376
P96-6,26.7217417,0.1190379932522773,0.1710427105426788,0.0241920556873083,0.1515942811965942,0.0246063899248838,0.1169661879539489,0.0696423724293708,0.3287661075592041,0.0,0.1042786315083503,0.0211268048733472,99.65791320800781
P96-6,26.754199800000002,0.1188743188977241,0.1721610575914382,0.0242100786417722,0.1500505357980728,0.0245892442762851,0.1173176243901252,0.0686408281326293,0.3287661075592041,0.0,0.1035866141319274,0.0216691941022872,99.65567016601561
P96-6,26.8043785,0.1191490441560745,0.1731558591127395,0.0243802852928638,0.1486930698156356,0.0246072076261043,0.1174201369285583,0.0681483149528503,0.3287661075592041,0.0,0.1145714744925499,0.022641472518444,99.6536865234375
P96-6,26.833379,0.1179924085736274,0.1712819188833236,0.0245805010199546,0.1502074301242828,0.0246408283710479,0.1163337752223014,0.0691475719213485,0.3287661075592041,0.0,0.1128168776631355,0.0239586103707551,99.65744018554688
P96-6,26.866113900000002,0.1171524077653884,0.1712479293346405,0.0247596148401498,0.1507013589143753,0.0246444921940565,0.1157644689083099,0.0694089159369468,0.3287661075592041,0.0,0.1203632801771163,0.0253111235797405,99.65750122070312
P96-6,26.8987321,0.1165653839707374,0.1707087904214859,0.0247920490801334,0.1516401916742324,0.024569934234023,0.1154460459947586,0.0699205920100212,0.3287661075592041,0.0,0.081786423921585,0.0277303755283355,99.65858459472656
P96-6,26.9310762,0.1144985407590866,0.1667331308126449,0.0247416347265243,0.1562302410602569,0.0245357546955347,0.1137943789362907,0.0725737288594245,0.3287661075592041,0.0,0.0653799250721931,0.0279158521443605,99.66653442382812
P96-6,26.9637897,0.1135450676083564,0.1650947332382202,0.0247131530195474,0.1581751555204391,0.0245042648166418,0.1132190451025962,0.0736337155103683,0.3287661075592041,0.0,0.063036985695362,0.0281055402010679,99.66981506347656
P96-6,26.9961139,0.1138922497630119,0.1656980216503143,0.0246756486594676,0.1556756049394607,0.0245390310883522,0.113831341266632,0.0723338276147842,0.3287661075592041,0.0,0.0290662012994289,0.027126969769597,99.66860198974608
P96-6,27.0270109,0.1132596507668495,0.1632900834083557,0.0245296023786067,0.1583369821310043,0.0245648026466369,0.1132103130221366,0.07371137291193,0.3287661075592041,0.0,0.0250354502350091,0.0250354502350091,99.67342376708984
P96-6,27.0591508,0.1135454401373863,0.163340076804161,0.0244160890579223,0.1580503433942794,0.0245452541857957,0.113551490008831,0.0734153613448143,0.3287661075592041,0.0,0.0238939840346574,0.0238939840346574,99.67332458496092
P96-6,27.0918027,0.1164392009377479,0.1691945046186447,0.0241988170892,0.1505912542343139,0.0245025809854269,0.1165365651249885,0.0689310058951377,0.3287661075592041,0.0,0.0193007849156856,0.0193007849156856,99.66161346435547
P96-6,27.123750500000003,0.1165454536676406,0.1689165383577346,0.0241436436772346,0.1501311510801315,0.0245251599699258,0.1165786534547805,0.0687138438224792,0.3287661075592041,0.0,0.0174684356898069,0.0174684356898069,99.66217041015624
P96-6,27.155612400000003,0.1168168634176254,0.169773131608963,0.0241872351616621,0.1486897617578506,0.0245708245784044,0.1168272793292999,0.0679883062839508,0.3287661075592041,0.0,0.0162926744669675,0.0155900865793228,99.66045379638673
P96-6,27.202496200000002,0.1176967322826385,0.1713166534900665,0.024192264303565,0.14676995575428,0.0245884004980325,0.1176156997680664,0.0668261721730232,0.3287661075592041,0.0,0.0189184322953224,0.0144542697817087,99.65736389160156
P96-6,27.233524000000003,0.1178146228194236,0.1718640774488449,0.0243933517485857,0.1452208310365676,0.0245831739157438,0.1176551431417465,0.0661829784512519,0.3287661075592041,0.0,0.0340975373983383,0.0146350059658288,99.65626525878906
P96-6,27.2650463,0.1178310140967369,0.1717234253883361,0.0244322456419467,0.1459955424070358,0.024522565305233,0.1175196692347526,0.0665951669216156,0.3287661075592041,0.0,0.051179863512516,0.0152164865285158,99.65655517578124
P96-6,27.2970722,0.118317499756813,0.172266811132431,0.0243062227964401,0.1459601521492004,0.0245119743049144,0.1179347485303878,0.0663977488875389,0.3287661075592041,0.0,0.0471985302865505,0.0148943411186337,99.6554718017578
P96-6,27.3292562,0.1199527308344841,0.1757388710975647,0.0242506917566061,0.1422524750232696,0.0244723726063966,0.1196004226803779,0.064224362373352,0.3287661075592041,0.0,0.0365154929459095,0.0162091515958309,99.64852905273438
P96-6,27.3612685,0.120065838098526,0.1755527555942535,0.0242170710116624,0.1430823355913162,0.0244427323341369,0.1196232587099075,0.0645800232887268,0.3287661075592041,0.0,0.0287632960826158,0.0158783290535211,99.64889526367188
P96-6,27.3940494,0.1209011971950531,0.1771601140499115,0.0241753831505775,0.141677975654602,0.0244366731494665,0.1204514726996421,0.0637608543038368,0.3287661075592041,0.0,0.0202194023877382,0.0147123653441667,99.64567565917967
P96-6,27.42607,0.1213197857141494,0.1773914098739624,0.0241448152810335,0.1413428783416748,0.0244548544287681,0.1206965073943138,0.0635768622159957,0.3287661075592041,0.0,0.0195752885192632,0.0137424999848008,99.64521789550781
P96-6,27.4584614,0.1220597550272941,0.178850457072258,0.0241082664579153,0.1397857964038848,0.024464251473546,0.1214121431112289,0.0626986622810363,0.3287661075592041,0.0,0.0289395581930875,0.0129202371463179,99.64229583740233
P96-6,27.4894781,0.1217886433005332,0.1780978590250015,0.0240840967744588,0.1409149467945098,0.0244474876672029,0.1211996674537658,0.063258558511734,0.3287661075592041,0.0,0.0372693426907062,0.0140569498762488,99.64380645751952
P96-6,27.523382700000003,0.1220881342887878,0.1784637868404388,0.0240815244615077,0.1407555490732193,0.0244333911687135,0.1213287338614463,0.0631256997585296,0.3287661075592041,0.0,0.0504589863121509,0.0143549088388681,99.64306640625
P96-6,27.555761099999998,0.1226365566253662,0.1795078366994857,0.0240825805813074,0.1396463513374328,0.0244628060609102,0.1218463629484176,0.0625142008066177,0.3287661075592041,0.0,0.048849694430828,0.0146642001345753,99.6409912109375
P96-6,27.6032827,0.1217943876981735,0.1775623112916946,0.0241164490580558,0.1419607847929,0.0244736298918724,0.1210014894604682,0.0638311058282852,0.3287661075592041,0.0,0.0453242324292659,0.0146990315988659,99.64488220214845
P96-6,27.633925299999998,0.1199237629771232,0.1730210781097412,0.0241045877337455,0.1474849134683609,0.0244730468839406,0.1191016733646392,0.0669106468558311,0.3287661075592041,0.0,0.0413298569619655,0.0178268067538738,99.65395355224608
P96-6,27.667396,0.1199218779802322,0.1733328998088836,0.0241507813334465,0.1470472961664199,0.0244862809777259,0.1192529425024986,0.0667420923709869,0.3287661075592041,0.0,0.0323247462511062,0.0197847932577133,99.65333557128906
P96-6,27.6979323,0.1188394948840141,0.171806663274765,0.0242540650069713,0.1487385481595993,0.0244534313678741,0.1185216158628463,0.0678318440914154,0.3287661075592041,0.0,0.0428842864930629,0.0229235552251338,99.65638732910156
P96-6,27.7321774,0.1168464198708534,0.1677114069461822,0.0242704898118972,0.1538324803113937,0.0244081262499094,0.116683192551136,0.0708794742822647,0.3287661075592041,0.0,0.0372478850185871,0.0277221295982599,99.6645736694336
P96-6,27.762935000000002,0.1162743344902992,0.1661875694990158,0.0242440570145845,0.155756190419197,0.0244273543357849,0.1160401999950408,0.0721019953489303,0.3287661075592041,0.0,0.0496971122920513,0.0274329893290996,99.66762542724608
P96-6,27.7974123,0.1160814464092254,0.1659015715122222,0.0241757780313491,0.1557346135377883,0.0245103146880865,0.1162457540631294,0.0722418278455734,0.3287661075592041,0.0,0.0754188522696495,0.0277780871838331,99.66819763183594
P96-6,27.8274046,0.114982783794403,0.1637942045927047,0.0240445639938116,0.158638060092926,0.0245281066745519,0.1158031299710273,0.0740346387028694,0.3287661075592041,0.0,0.068002626299858,0.0325020626187324,99.67240905761719
P96-6,27.8607036,0.1152552440762519,0.1640495359897613,0.0239890795201063,0.1581841111183166,0.0246146917343139,0.1161547154188156,0.0740241631865501,0.3287661075592041,0.0,0.0799646452069282,0.0336998701095581,99.6718978881836
P96-6,27.890747,0.1172217205166816,0.1685580313205719,0.023969417437911,0.1521796733140945,0.0246919319033622,0.1184648349881172,0.0707849040627479,0.3287661075592041,0.0,0.0669232681393623,0.0378327034413814,99.66288757324217
P96-6,27.9245952,0.1168130934238433,0.1675179153680801,0.0239224787801504,0.1534900367259979,0.0247210729867219,0.1181894764304161,0.0716904997825622,0.3287661075592041,0.0,0.0549582913517951,0.0445354059338569,99.66496276855469
P96-6,27.9554039,0.1181213408708572,0.1695362478494644,0.0239213835448026,0.1509458571672439,0.024768752977252,0.1190014854073524,0.0704251900315284,0.3287661075592041,0.0,0.0799774527549743,0.0473089329898357,99.66092681884764
P96-6,28.0345971,0.1207877099514007,0.1750720143318176,0.0239319689571857,0.1439874768257141,0.0248272009193897,0.1213046982884407,0.0666537061333656,0.3287661075592041,0.0,0.0908971205353736,0.0510060004889965,99.6498565673828
P96-6,28.068386999999998,0.1217990219593048,0.1773485988378524,0.0239012725651264,0.1402812302112579,0.024963779374957,0.1223113164305687,0.0651917085051536,0.3287661075592041,0.0,0.0653757527470588,0.0556603260338306,99.64529418945312
P96-6,28.0993763,0.1223665550351142,0.1784230172634124,0.0239158850163221,0.1394156664609909,0.0248846188187599,0.1226007044315338,0.0647492557764053,0.3287661075592041,0.0,0.063210129737854,0.063210129737854,99.64314270019533
P96-6,28.1313706,0.1225131601095199,0.1787446588277816,0.0239263102412223,0.1393380910158157,0.0248117949813604,0.1227372884750366,0.0645118355751037,0.3287661075592041,0.0,0.0704885050654411,0.0704885050654411,99.64251708984376
P96-6,28.1633947,0.1225477531552314,0.1780985444784164,0.0238906349986791,0.1399891525506973,0.0248252097517251,0.1223848536610603,0.0650119632482528,0.3287661075592041,0.0,0.0730074867606163,0.0730074867606163,99.64380645751952
P96-6,28.1938681,0.1230498328804969,0.1791014075279235,0.0239121224731206,0.1386355906724929,0.0248657185584306,0.1227700859308242,0.0641468241810798,0.3287661075592041,0.0,0.0772925466299057,0.0772925466299057,99.6417999267578
P96-6,28.2272702,0.1225398182868957,0.1787034124135971,0.0239013209939002,0.1388118118047714,0.0248877760022878,0.1227699071168899,0.0641463100910186,0.3287661075592041,0.0,0.0797148421406745,0.0797148421406745,99.64258575439453
P96-6,28.2574711,0.1214307695627212,0.1765222400426864,0.0238443464040756,0.1415032744407653,0.0249517112970352,0.1224305033683776,0.0655034184455871,0.3287661075592041,0.0,0.0829209014773368,0.0829209014773368,99.6469497680664
P96-6,28.289051500000003,0.1215844750404357,0.1771059036254882,0.0238466449081897,0.140736386179924,0.0249964073300361,0.1228302717208862,0.0649498775601387,0.3287661075592041,0.0,0.0945565477013587,0.0945565477013587,99.64579772949219
P96-6,28.3232139,0.1213908791542053,0.1771075874567031,0.0238178558647632,0.1414626538753509,0.0248998347669839,0.1231344193220138,0.0651603713631629,0.3287661075592041,0.0,0.0916067510843276,0.0916067510843276,99.64578247070312
P96-6,28.3534349,0.1210642606019973,0.176716536283493,0.0238313470035791,0.141725867986679,0.0249214693903923,0.1229701563715934,0.0652932748198509,0.3287661075592041,0.0,0.0897042378783226,0.0897042378783226,99.64656829833984
P96-6,28.4034908,0.1205555722117424,0.1752657145261764,0.0238425750285387,0.1434615701436996,0.0248566884547472,0.1219944357872009,0.0660247579216957,0.3287661075592041,0.0,0.0863354802131652,0.0863354802131652,99.64946746826175
P96-6,28.4334548,0.1207144930958747,0.1762633025646209,0.0238800458610057,0.1425214409828186,0.0247597079724073,0.1223094537854194,0.0653973519802093,0.3287661075592041,0.0,0.0838003829121589,0.0838003829121589,99.64746856689453
P96-6,28.4650444,0.119215577840805,0.1735591292381286,0.0238600615411996,0.1460665315389633,0.024725904688239,0.1214958503842353,0.0672931969165802,0.3287661075592041,0.0,0.0822345614433288,0.0822345614433288,99.65289306640624
P96-6,28.4970484,0.1191260144114494,0.1733442246913909,0.0238349623978137,0.1468511819839477,0.0246541779488325,0.12153010815382,0.0675246641039848,0.3287661075592041,0.0,0.0928006321191787,0.0875617414712905,99.65330505371091
P96-6,28.529696,0.1188820675015449,0.17251718044281,0.0238729864358901,0.1477816849946975,0.0246102344244718,0.1208128407597541,0.0679452270269393,0.3287661075592041,0.0,0.1610602736473083,0.0932873710989952,99.6549606323242
P96-6,28.5642105,0.1183920204639434,0.1713855117559433,0.0238755140453577,0.1492987722158432,0.0245545469224452,0.1201004385948181,0.0687042400240898,0.3287661075592041,0.0,0.1306320577859878,0.085686445236206,99.6572265625
P96-6,28.5952053,0.1171347647905349,0.1689795851707458,0.0238707344979047,0.1525626331567764,0.024510970339179,0.1191013380885124,0.070456176996231,0.3287661075592041,0.0,0.1112084537744522,0.0896841958165168,99.66204833984376
P96-6,28.626944599999998,0.1175300329923629,0.170123666524887,0.0238822549581527,0.1513020992279052,0.0244791153818368,0.1196523755788803,0.0696734115481376,0.3287661075592041,0.0,0.0966601818799972,0.0878751799464225,99.65975189208984
P96-6,28.6587,0.1178791150450706,0.1712295860052108,0.023887263610959,0.1502612978219986,0.0244562774896621,0.1203029304742813,0.0689954459667205,0.3287661075592041,0.0,0.0872546285390853,0.0872546285390853,99.65754699707033
P96-6,28.7243088,0.1177322715520858,0.1707812249660491,0.0239288862794637,0.1504712700843811,0.024488266557455,0.1197782680392265,0.0690077766776084,0.3287661075592041,0.0,0.0903421491384506,0.0903421491384506,99.65843200683594
P96-6,28.7552075,0.1200957596302032,0.1754790693521499,0.0239926036447286,0.1442461162805557,0.0245005041360855,0.1211060062050819,0.0654940828680992,0.3287661075592041,0.0,0.0767573937773704,0.0767573937773704,99.6490478515625
P96-6,28.8031491,0.120412066578865,0.1759615391492843,0.0240308120846748,0.1435656994581222,0.0244996156543493,0.1210844367742538,0.0650933384895324,0.3287661075592041,0.0,0.1220362782478332,0.0683449953794479,99.64807891845705
P96-6,28.8336614,0.1204621493816375,0.1760389357805252,0.0240133143961429,0.1436342149972915,0.024447301402688,0.1211384907364845,0.0650010854005813,0.3287661075592041,0.0,0.1275614649057388,0.0628753677010536,99.64791870117188
P96-6,28.866172,0.120403803884983,0.1759455949068069,0.0240619704127311,0.1438875496387481,0.0244131311774253,0.1208640038967132,0.0650746375322341,0.3287661075592041,0.0,0.1189016103744506,0.0685182139277458,99.64810943603517
P96-6,28.8997722,0.1199096068739891,0.1746271550655365,0.0240776911377906,0.1455593556165695,0.0244099181145429,0.1200054660439491,0.0659873858094215,0.3287661075592041,0.0,0.1148309707641601,0.0607639662921428,99.6507568359375
P96-6,28.9315723,0.1191414520144462,0.1732422560453414,0.0240969117730855,0.1473018079996109,0.0244018677622079,0.1192187070846557,0.067000426352024,0.3287661075592041,0.0,0.0826624557375907,0.0599039793014526,99.65351104736328
P96-6,28.965145800000002,0.1187450289726257,0.1721190214157104,0.024143299087882,0.1491063237190246,0.0244103837758302,0.1185530573129653,0.0680680871009826,0.3287661075592041,0.0,0.0642829686403274,0.0552862435579299,99.65576171875
P96-6,28.995326100000003,0.1181453093886375,0.1707995235919952,0.0241797193884849,0.1510534137487411,0.0244037751108407,0.1179606541991233,0.0691770315170288,0.3287661075592041,0.0,0.0650402829051017,0.0554544441401958,99.6584014892578
P96-6,29.028704700000002,0.1159222573041915,0.1660642623901367,0.0242419317364692,0.1568618863821029,0.0244113150984048,0.1155857890844345,0.0725356340408325,0.3287661075592041,0.0,0.0739609152078628,0.054018534719944,99.66786193847656
P96-6,29.0597025,0.1159710213541984,0.1661712676286697,0.0242356192320585,0.156577467918396,0.0244253277778625,0.1156519874930381,0.0723948255181312,0.3287661075592041,0.0,0.0786342695355415,0.0521306246519088,99.66766357421876
P96-6,29.0917028,0.1170001104474067,0.1683743894100189,0.0241961628198623,0.153917983174324,0.0244124792516231,0.1165652200579643,0.0707627460360527,0.3287661075592041,0.0,0.101777397096157,0.0483281202614307,99.66325378417967
P96-6,29.1242148,0.1176209077239036,0.1697347313165664,0.024223631247878,0.1528417617082595,0.0243959110230207,0.1169874668121337,0.070107415318489,0.3287661075592041,0.0,0.1030056104063987,0.0454284325242042,99.66053009033203
P96-6,29.1551993,0.1185848489403724,0.1717696040868759,0.0242459755390882,0.1508727967739105,0.0243788920342922,0.1179061233997345,0.0689289718866348,0.3287661075592041,0.0,0.0998257398605346,0.045352928340435,99.65646362304688
P96-6,29.203118600000003,0.1191062182188034,0.1732114106416702,0.024227812886238,0.1489913612604141,0.0243770331144332,0.1186853051185607,0.0678046941757202,0.3287661075592041,0.0,0.104837842285633,0.0401545725762844,99.65357208251952
P96-6,29.2334522,0.1194076389074325,0.174402430653572,0.0242855362594127,0.1474592834711074,0.0243516638875007,0.1192896366119384,0.0669694617390632,0.3287661075592041,0.0,0.0932176709175109,0.0398252010345458,99.65119934082033
P96-6,29.2654427,0.1196978017687797,0.174642190337181,0.0242419764399528,0.1477093696594238,0.0243368335068225,0.1195419356226921,0.06700100004673,0.3287661075592041,0.0,0.0740813314914703,0.04530980437994,99.65071105957033
P96-6,29.2985031,0.1189590394496917,0.1726597249507904,0.0241950079798698,0.1507914960384368,0.0243333522230386,0.1187579706311225,0.0686993673443794,0.3287661075592041,0.0,0.0724809765815734,0.0478255338966846,99.65467834472656
P96-6,29.3310536,0.1188652589917182,0.1724756956100463,0.024203659966588,0.1503889113664627,0.0243262071162462,0.118594616651535,0.0685961246490478,0.3287661075592041,0.0,0.0458171591162681,0.0458171591162681,99.65504455566406
P96-6,29.361503,0.1195095926523208,0.1738266944885253,0.0241854358464479,0.1480698883533477,0.0242907926440238,0.1191992908716201,0.0674640089273452,0.3287661075592041,0.0,0.0410895571112632,0.0410895571112632,99.65234375
P96-6,29.3939033,0.1196907386183738,0.1746639013290405,0.0241643711924552,0.1463628113269805,0.0242875516414642,0.119508571922779,0.0667356103658676,0.3287661075592041,0.0,0.0351040102541446,0.0351040102541446,99.65068054199219
P96-6,29.4265103,0.118414856493473,0.1720244139432907,0.0241868440061807,0.1490356922149658,0.0242920666933059,0.1182964742183685,0.0683374032378196,0.3287661075592041,0.0,0.0376433245837688,0.0376433245837688,99.65595245361328
P96-6,29.458033800000003,0.1191182434558868,0.1738717854022979,0.0242127086967229,0.146471306681633,0.0242864415049552,0.1190344840288162,0.0669835060834884,0.3287661075592041,0.0,0.0385375581681728,0.0385375581681728,99.65225219726561
P96-6,29.4890552,0.1183939278125762,0.1722418069839477,0.0242385528981685,0.1481160074472427,0.0243296157568693,0.1182814911007881,0.067952387034893,0.3287661075592041,0.0,0.0390197448432445,0.0390197448432445,99.655517578125
P96-6,29.5217116,0.1177984625101089,0.1712864935398101,0.0243028402328491,0.1486862003803253,0.0243543572723865,0.1176981255412101,0.0684128701686859,0.3287661075592041,0.0,0.0360240899026393,0.0360240899026393,99.6574249267578
P96-6,29.554737799999998,0.1184688434004783,0.172728031873703,0.0242779906839132,0.1466911435127258,0.02433492988348,0.1184141710400581,0.0672629252076148,0.3287661075592041,0.0,0.0369180403649806,0.0334820449352264,99.654541015625
P96-6,29.603663800000003,0.1192312017083168,0.1743158102035522,0.0242263115942478,0.1450747996568679,0.0243127569556236,0.1191649436950683,0.0662848949432373,0.3287661075592041,0.0,0.0388919413089752,0.0288082771003246,99.6513671875
P96-6,29.6342207,0.1181909441947937,0.1720815002918243,0.0242079552263021,0.1477957516908645,0.0243007075041532,0.1181647777557373,0.0678003728389739,0.3287661075592041,0.0,0.0489354953169822,0.0278041046112775,99.65583801269533
P96-6,29.6677678,0.1175455376505851,0.1702930927276611,0.0241510793566703,0.1500701010227203,0.0242691040039062,0.1175243780016899,0.0689503848552703,0.3287661075592041,0.0,0.0546501986682415,0.0245835948735475,99.65940856933594
P96-6,29.700054599999998,0.1182947903871536,0.1720479875802993,0.0241677314043045,0.1476823687553405,0.0242810901254415,0.1182678043842315,0.0676188766956329,0.3287661075592041,0.0,0.0639889240264892,0.0233114082366228,99.65589904785155
P96-6,29.7334133,0.1176224201917648,0.1706399023532867,0.0242412816733121,0.1493867188692092,0.0243084952235221,0.1175768300890922,0.0686424225568771,0.3287661075592041,0.0,0.0822122320532798,0.0258074812591075,99.65872192382812
P96-6,29.7617815,0.1183154210448265,0.1724148839712142,0.0242379326373338,0.1470639556646347,0.0243010334670543,0.1183512061834335,0.067392349243164,0.3287661075592041,0.0,0.0823055431246757,0.0209565348923206,99.65516662597656
P96-6,29.7954386,0.1175689995288848,0.1708212941884994,0.0242534186691045,0.1489664018154144,0.0243070572614669,0.1176214665174484,0.0685563907027244,0.3287661075592041,0.0,0.0779929235577583,0.0184992924332618,99.65835571289062
P96-6,29.826196,0.1187678650021553,0.1734435856342315,0.0242365207523107,0.1460606157779693,0.0242683161050081,0.1188282370567321,0.0667226985096931,0.3287661075592041,0.0,0.0690848231315612,0.0150906033813953,99.65312194824217
P96-6,29.8606995,0.1185693219304084,0.1731547117233276,0.0242255255579948,0.1464881002902984,0.024245673790574,0.1187296360731124,0.0669114142656326,0.3287661075592041,0.0,0.0660899803042411,0.0154878366738557,99.6536865234375
P96-6,29.890912,0.1186888813972473,0.1732908338308334,0.0242755580693483,0.1464105695486068,0.0242535583674907,0.1187225133180618,0.0668617859482765,0.3287661075592041,0.0,0.0683184564113616,0.0162136368453502,99.65342712402345
P96-6,29.925199499999998,0.1196399554610252,0.1754693984985351,0.024283267557621,0.1441946774721145,0.0242246910929679,0.1196087896823883,0.065398097038269,0.3287661075592041,0.0,0.0607963241636753,0.0146342795342206,99.64906311035155
P96-6,29.955835699999998,0.1201716139912605,0.1770634353160858,0.0243040211498737,0.1422572880983352,0.0242156870663166,0.1202686727046966,0.0643397569656372,0.3287661075592041,0.0,0.0567091628909111,0.0139495683833956,99.6458740234375
